Workbook

Sheet CAPA
A4: REPÚBLICA DE ANGOLA
A5: MINISTÉRIO DA EDUCAÇÃO
A6: GABINETE DE ESTUDOS, PLANEAMENTO E ESTATÍSTICA
A7: DEPARTAMENTO DE ESTUDOS E ESTATÍSTICA
A10: INSTRUMENTO COMPLEMENTAR DO SIGE 2024/2025
A15: PROVÍNCIA:
A16: MUNICÍPIO:
A23: OBSERVAÇÕES GERAIS
B24: EDUCAÇÃO PRÉ-ESCOLAR | E24: INSTRUÇÕES DE PREENCHIMENTO: 1. Por definição, todos os campos estarão preenchidos com 0; 2. Sempre colar dados provenientes de outros instrumentos, deve-se colar como número/valores para não remover a formatação da célula; 3. Não alterar a estrutura de colunas, linhas e fórmulas automáticas; 4. Distinguir sempre MF (Masculino + Feminino) de F (Feminino); 5. O preenchimento fidedigno é de carácter obrigatório nos termos da legislação em vigor.
B25: ENSINO PRIMÁRIO
B26: ENSINO SECUNDÁRIO I CICLO
B27: ENSINO SECUNDÁRIO II CICLO
B28: EDUCAÇÃO ESPECIAL
B29: EDUCAÇÃO DE JOVENS E ADULTOS
B30: COMPLEXO ESCOLAR
B31: TOTAL
A33: Data de entrega pelo GEPE: | C33: 23 de Setembro de 2025 | F33: Data de entrega ao GPE/SPE pela DME/SME:

Sheet 1 - ALUNOS MATRICULADOS
A2: SECÇÃO 1 - DADOS ESTATÍSTICOS SOBRE ALUNOS MATRICULADOS
A5: 1. EDUCAÇÃO PRÉ-ESCOLAR
A6: TABELA 1.1 – Crianças matriculadas nas Creches, Jardins de Infância, Centros Infantis, Centros Infantis Comunitários e Centros de Educação Comunitária
A8: ETAPA | B8: NATUREZA DE ENSINO | C8: TOTAL | E8: 3 Meses aos 3 anos | G8: 3 Anos | I8: 4 Anos | K8: 5 Anos | M8: 6 Anos | O8: Mais de 6 Anos | R8: OBSERVAÇÕES
C9: Total (MF) | D9: Total (F) | E9: MF | F9: F | G9: MF | H9: F | I9: MF | J9: F | K9: MF | L9: F | M9: MF | N9: F | O9: MF | P9: F
A10: CRECHE | B10: PÚBLICA | C10: =SUM(E10,G10,I10,K10,M10,O10) | D10: =SUM(F10,H10,J10,L10,N10,P10) | E10: 0 | F10: 0 | G10: 0 | H10: 0 | I10: 0 | J10: 0 | K10: 0 | L10: 0 | M10: 0 | N10: 0 | O10: 0 | P10: 0
B11: PÚBLICO-PRIVADA | C11: =SUM(E11,G11,I11,K11,M11,O11) | D11: =SUM(F11,H11,J11,L11,N11,P11) | E11: 0 | F11: 0 | G11: 0 | H11: 0 | I11: 0 | J11: 0 | K11: 0 | L11: 0 | M11: 0 | N11: 0 | O11: 0 | P11: 0
B12: PRIVADA | C12: =SUM(E12,G12,I12,K12,M12,O12) | D12: =SUM(F12,H12,J12,L12,N12,P12) | E12: 0 | F12: 0 | G12: 0 | H12: 0 | I12: 0 | J12: 0 | K12: 0 | L12: 0 | M12: 0 | N12: 0 | O12: 0 | P12: 0
A13: JARDIM DE INFANCIA1 | B13: PÚBLICA | C13: =SUM(E13,G13,I13,K13,M13,O13) | D13: =SUM(F13,H13,J13,L13,N13,P13) | E13: 0 | F13: 0 | G13: 0 | H13: 0 | I13: 0 | J13: 0 | K13: 0 | L13: 0 | M13: 0 | N13: 0 | O13: 0 | P13: 0
B14: PÚBLICO-PRIVADA | C14: =SUM(E14,G14,I14,K14,M14,O14) | D14: =SUM(F14,H14,J14,L14,N14,P14) | E14: 0 | F14: 0 | G14: 0 | H14: 0 | I14: 0 | J14: 0 | K14: 0 | L14: 0 | M14: 0 | N14: 0 | O14: 0 | P14: 0
B15: PRIVADA | C15: =SUM(E15,G15,I15,K15,M15,O15) | D15: =SUM(F15,H15,J15,L15,N15,P15) | E15: 0 | F15: 0 | G15: 0 | H15: 0 | I15: 0 | J15: 0 | K15: 0 | L15: 0 | M15: 0 | N15: 0 | O15: 0 | P15: 0
A16: JARDIM DE INFANCIA2 | B16: PÚBLICA | C16: =SUM(E16,G16,I16,K16,M16,O16) | D16: =SUM(F16,H16,J16,L16,N16,P16) | E16: 0 | F16: 0 | G16: 0 | H16: 0 | I16: 0 | J16: 0 | K16: 0 | L16: 0 | M16: 0 | N16: 0 | O16: 0 | P16: 0
B17: PÚBLICO-PRIVADA | C17: =SUM(E17,G17,I17,K17,M17,O17) | D17: =SUM(F17,H17,J17,L17,N17,P17) | E17: 0 | F17: 0 | G17: 0 | H17: 0 | I17: 0 | J17: 0 | K17: 0 | L17: 0 | M17: 0 | N17: 0 | O17: 0 | P17: 0
B18: PRIVADA | C18: =SUM(E18,G18,I18,K18,M18,O18) | D18: =SUM(F18,H18,J18,L18,N18,P18) | E18: 0 | F18: 0 | G18: 0 | H18: 0 | I18: 0 | J18: 0 | K18: 0 | L18: 0 | M18: 0 | N18: 0 | O18: 0 | P18: 0
A19: CENTROS INFANTIS | B19: PÚBLICA | C19: =SUM(E19,G19,I19,K19,M19,O19) | D19: =SUM(F19,H19,J19,L19,N19,P19) | E19: 0 | F19: 0 | G19: 0 | H19: 0 | I19: 0 | J19: 0 | K19: 0 | L19: 0 | M19: 0 | N19: 0 | O19: 0 | P19: 0
B20: PÚBLICO-PRIVADA | C20: =SUM(E20,G20,I20,K20,M20,O20) | D20: =SUM(F20,H20,J20,L20,N20,P20) | E20: 0 | F20: 0 | G20: 0 | H20: 0 | I20: 0 | J20: 0 | K20: 0 | L20: 0 | M20: 0 | N20: 0 | O20: 0 | P20: 0
B21: PRIVADA | C21: =SUM(E21,G21,I21,K21,M21,O21) | D21: =SUM(F21,H21,J21,L21,N21,P21) | E21: 0 | F21: 0 | G21: 0 | H21: 0 | I21: 0 | J21: 0 | K21: 0 | L21: 0 | M21: 0 | N21: 0 | O21: 0 | P21: 0
A22: CENTROS INFANTIS COMUNITÁRIOS | B22: PÚBLICA | C22: =SUM(E22,G22,I22,K22,M22,O22) | D22: =SUM(F22,H22,J22,L22,N22,P22) | E22: 0 | F22: 0 | G22: 0 | H22: 0 | I22: 0 | J22: 0 | K22: 0 | L22: 0 | M22: 0 | N22: 0 | O22: 0 | P22: 0
B23: PÚBLICO-PRIVADA | C23: =SUM(E23,G23,I23,K23,M23,O23) | D23: =SUM(F23,H23,J23,L23,N23,P23) | E23: 0 | F23: 0 | G23: 0 | H23: 0 | I23: 0 | J23: 0 | K23: 0 | L23: 0 | M23: 0 | N23: 0 | O23: 0 | P23: 0
B24: PRIVADA | C24: =SUM(E24,G24,I24,K24,M24,O24) | D24: =SUM(F24,H24,J24,L24,N24,P24) | E24: 0 | F24: 0 | G24: 0 | H24: 0 | I24: 0 | J24: 0 | K24: 0 | L24: 0 | M24: 0 | N24: 0 | O24: 0 | P24: 0
A25: CENTROS DE EDUCAÇÃO COMUNITÁRIA | B25: PÚBLICA | C25: =SUM(E25,G25,I25,K25,M25,O25) | D25: =SUM(F25,H25,J25,L25,N25,P25) | E25: 0 | F25: 0 | G25: 0 | H25: 0 | I25: 0 | J25: 0 | K25: 0 | L25: 0 | M25: 0 | N25: 0 | O25: 0 | P25: 0
B26: PÚBLICO-PRIVADA | C26: =SUM(E26,G26,I26,K26,M26,O26) | D26: =SUM(F26,H26,J26,L26,N26,P26) | E26: 0 | F26: 0 | G26: 0 | H26: 0 | I26: 0 | J26: 0 | K26: 0 | L26: 0 | M26: 0 | N26: 0 | O26: 0 | P26: 0
B27: PRIVADA | C27: =SUM(E27,G27,I27,K27,M27,O27) | D27: =SUM(F27,H27,J27,L27,N27,P27) | E27: 0 | F27: 0 | G27: 0 | H27: 0 | I27: 0 | J27: 0 | K27: 0 | L27: 0 | M27: 0 | N27: 0 | O27: 0 | P27: 0
A28: TOTAL | B28: PÚBLICA | C28: =SUM(C10,C13,C16,C19,C22,C25) | D28: =SUM(D10,D13,D16,D19,D22,D25) | E28: =SUM(E10,E13,E16,E19,E22,E25) | F28: =SUM(F10,F13,F16,F19,F22,F25) | G28: =SUM(G10,G13,G16,G19,G22,G25) | H28: =SUM(H10,H13,H16,H19,H22,H25) | I28: =SUM(I10,I13,I16,I19,I22,I25) | J28: =SUM(J10,J13,J16,J19,J22,J25) | ... P28: =SUM(P10,P13,P16,P19,P22,P25)
A29: TOTAL | B29: PÚBLICO-PRIVADA | C29: =SUM(C11,C14,C17,C20,C23,C26) | D29: =SUM(D11,D14,D17,D20,D23,D26) | E29: =SUM(E11,E14,E17,E20,E23,E26) | F29: =SUM(F11,F14,F17,F20,F23,F26) | G29: =SUM(G11,G14,G17,G20,G23,G26) | H29: =SUM(H11,H14,H17,H20,H23,H26) | I29: =SUM(I11,I14,I17,I20,I23,I26) | J29: =SUM(J11,J14,J17,J20,J23,J26) | ... P29: =SUM(P11,P14,P17,P20,P23,P26)
A30: TOTAL | B30: PRIVADA | C30: =SUM(C12,C15,C18,C21,C24,C27) | D30: =SUM(D12,D15,D18,D21,D24,D27) | E30: =SUM(E12,E15,E18,E21,E24,E27) | F30: =SUM(F12,F15,F18,F21,F24,F27) | G30: =SUM(G12,G15,G18,G21,G24,G27) | H30: =SUM(H12,H15,H18,H21,H24,H27) | I30: =SUM(I12,I15,I18,I21,I24,I27) | J30: =SUM(J12,J15,J18,J21,J24,J27) | ... P30: =SUM(P12,P15,P18,P21,P24,P27)
A31: TOTAL GERAL | B31: TODAS | C31: =SUM(C28:C30) | D31: =SUM(D28:D30) | E31: =SUM(E28:E30) | F31: =SUM(F28:F30) | G31: =SUM(G28:G30) | H31: =SUM(H28:H30) | I31: =SUM(I28:I30) | J31: =SUM(J28:J30) | ... P31: =SUM(P28:P30)
A34: TABELA 1.2 – Alunos matriculados na Classe de Iniciação nas escolas
A35: CLASSE | B35: NATUREZA DE ENSINO | C35: TOTAL | E35: 5 Anos | G35: 6 Anos | I35: 7 Anos | K35: 8 Anos | M35: 9 Anos | O35: 10 Anos | Q35: 11 Anos | S35: 12 Anos | U35: 13 Anos | W35: Mais de 13 Anos
C36: Total (MF) | D36: Total (F) | E36: MF | F36: F | G36: MF | H36: F | I36: MF | J36: F | K36: MF | L36: F | M36: MF | N36: F | O36: MF | P36: F | Q36: MF | R36: F | S36: MF | T36: F | U36: MF | V36: F | W36: MF | X36: F
A37: INICIAÇÃO | B37: PÚBLICA | C37: =SUM(E37,G37,I37,K37,M37,O37,Q37,S37,U37,W37) | D37: =SUM(F37,H37,J37,L37,N37,P37,R37,T37,V37,X37) | E37: 0 | F37: 0 | G37: 0 | H37: 0 | I37: 0 | J37: 0 | K37: 0 | L37: 0 | M37: 0 | N37: 0 | O37: 0 | P37: 0 | Q37: 0 | R37: 0 | S37: 0 | T37: 0 | U37: 0 | V37: 0 | W37: 0 | X37: 0
B38: PÚBLICO-PRIVADA | C38: =SUM(E38,G38,I38,K38,M38,O38,Q38,S38,U38,W38) | D38: =SUM(F38,H38,J38,L38,N38,P38,R38,T38,V38,X38) | E38: 0 | F38: 0 | G38: 0 | H38: 0 | I38: 0 | J38: 0 | K38: 0 | L38: 0 | M38: 0 | N38: 0 | O38: 0 | P38: 0 | Q38: 0 | R38: 0 | S38: 0 | T38: 0 | U38: 0 | V38: 0 | W38: 0 | X38: 0
B39: PRIVADA | C39: =SUM(E39,G39,I39,K39,M39,O39,Q39,S39,U39,W39) | D39: =SUM(F39,H39,J39,L39,N39,P39,R39,T39,V39,X39) | E39: 0 | F39: 0 | G39: 0 | H39: 0 | I39: 0 | J39: 0 | K39: 0 | L39: 0 | M39: 0 | N39: 0 | O39: 0 | P39: 0 | Q39: 0 | R39: 0 | S39: 0 | T39: 0 | U39: 0 | V39: 0 | W39: 0 | X39: 0
A40: TOTAL | B40: TODAS | C40: =SUM(C37:C39) | D40: =SUM(D37:D39) | E40: =SUM(E37:E39) | F40: =SUM(F37:F39) | G40: =SUM(G37:G39) | H40: =SUM(H37:H39) | I40: =SUM(I37:I39) | J40: =SUM(J37:J39) | ... X40: =SUM(X37:X39)
A42: TABELA 1.3 – Alunos com deficiência em escolas específicas de Ensino Especial (Sensorial / Iniciação)
A44: ETAPA | B44: NATUREZA DE ENSINO | C44: TOTAL | E44: Auditiva | G44: Intelectual | I44: Visual | K44: Surdo-Cegueira | M44: Múltipla | O44: Físico Motora | Q44: Espectro-Autista | S44: Altas Habilidades
C45: Total (MF) | D45: Total (F) | E45: MF | F45: F | G45: MF | H45: F | I45: MF | J45: F | K45: MF | L45: F | M45: MF | N45: F | O45: MF | P45: F | Q45: MF | R45: F | S45: MF | T45: F
A46: EDUCAÇÃO ESPECIAL | B46: PÚBLICA | C46: =SUM(E46,G46,I46,K46,M46,O46,Q46,S46) | D46: =SUM(F46,H46,J46,L46,N46,P46,R46,T46) | E46: 0 | F46: 0 | G46: 0 | H46: 0 | I46: 0 | J46: 0 | K46: 0 | L46: 0 | M46: 0 | N46: 0 | O46: 0 | P46: 0 | Q46: 0 | R46: 0 | S46: 0 | T46: 0
B47: PÚBLICO-PRIVADA | C47: =SUM(E47,G47,I47,K47,M47,O47,Q47,S47) | D47: =SUM(F47,H47,J47,L47,N47,P47,R47,T47) | E47: 0 | F47: 0 | G47: 0 | H47: 0 | I47: 0 | J47: 0 | K47: 0 | L47: 0 | M47: 0 | N47: 0 | O47: 0 | P47: 0 | Q47: 0 | R47: 0 | S47: 0 | T47: 0
B48: PRIVADA | C48: =SUM(E48,G48,I48,K48,M48,O48,Q48,S48) | D48: =SUM(F48,H48,J48,L48,N48,P48,R48,T48) | E48: 0 | F48: 0 | G48: 0 | H48: 0 | I48: 0 | J48: 0 | K48: 0 | L48: 0 | M48: 0 | N48: 0 | O48: 0 | P48: 0 | Q48: 0 | R48: 0 | S48: 0 | T48: 0
A49: TOTAL | B49: TODAS | C49: =SUM(C46:C48) | D49: =SUM(D46:D48) | E49: =SUM(E46:E48) | F49: =SUM(F46:F48) | G49: =SUM(G46:G48) | H49: =SUM(H46:H48) | I49: =SUM(I46:I48) | J49: =SUM(J46:J48) | ... T49: =SUM(T46:T48)
A57: 2. ENSINO PRIMÁRIO
A58: TABELA 2.1 – Alunos Matriculados no Ensino Primário Regular
A59: ATENÇÃO: NÃO DEVEM ESTAR SOMADOS OS DADOS DE PRAEER, EJA NEM EDUCAÇÃO ESPECIAL
A60: NATUREZA DE ENSINO | B60: SUBSISTEMA | C60: CLASSE | D60: TOTAL | F60: 5 Anos | H60: 6 Anos | J60: 7 Anos | L60: 8 Anos | N60: 9 Anos | P60: 10 Anos | R60: 11 Anos | T60: 12 Anos | V60: 13 Anos | X60: Mais de 13 Anos
D61: Total (MF) | E61: Total (F)
A62: PÚBLICA | B62: Ensino Primário | C62: 1ª Classe | D62: =SUM(F62,H62,J62,L62,N62,P62,R62,T62,V62,X62) | E62: =SUM(G62,I62,K62,M62,O62,Q62,S62,U62,W62,Y62) | F62: 0 | G62: 0 | H62: 0 | I62: 0 | J62: 0 | K62: 0 | L62: 0 | M62: 0 | N62: 0 | O62: 0 | P62: 0 | Q62: 0 | R62: 0 | S62: 0 | T62: 0 | U62: 0 | V62: 0 | W62: 0 | X62: 0 | Y62: 0
B63: Ensino Primário | C63: 2ª Classe | D63: =SUM(F63,H63,J63,L63,N63,P63,R63,T63,V63,X63) | E63: =SUM(G63,I63,K63,M63,O63,Q63,S63,U63,W63,Y63) | F63: 0 | G63: 0 | H63: 0 | I63: 0 | J63: 0 | K63: 0 | L63: 0 | M63: 0 | N63: 0 | O63: 0 | P63: 0 | Q63: 0 | R63: 0 | S63: 0 | T63: 0 | U63: 0 | V63: 0 | W63: 0 | X63: 0 | Y63: 0
B64: Ensino Primário | C64: 3ª Classe | D64: =SUM(F64,H64,J64,L64,N64,P64,R64,T64,V64,X64) | E64: =SUM(G64,I64,K64,M64,O64,Q64,S64,U64,W64,Y64) | F64: 0 | G64: 0 | H64: 0 | I64: 0 | J64: 0 | K64: 0 | L64: 0 | M64: 0 | N64: 0 | O64: 0 | P64: 0 | Q64: 0 | R64: 0 | S64: 0 | T64: 0 | U64: 0 | V64: 0 | W64: 0 | X64: 0 | Y64: 0
B65: Ensino Primário | C65: 4ª Classe | D65: =SUM(F65,H65,J65,L65,N65,P65,R65,T65,V65,X65) | E65: =SUM(G65,I65,K65,M65,O65,Q65,S65,U65,W65,Y65) | F65: 0 | G65: 0 | H65: 0 | I65: 0 | J65: 0 | K65: 0 | L65: 0 | M65: 0 | N65: 0 | O65: 0 | P65: 0 | Q65: 0 | R65: 0 | S65: 0 | T65: 0 | U65: 0 | V65: 0 | W65: 0 | X65: 0 | Y65: 0
B66: Ensino Primário | C66: 5ª Classe | D66: =SUM(F66,H66,J66,L66,N66,P66,R66,T66,V66,X66) | E66: =SUM(G66,I66,K66,M66,O66,Q66,S66,U66,W66,Y66) | F66: 0 | G66: 0 | H66: 0 | I66: 0 | J66: 0 | K66: 0 | L66: 0 | M66: 0 | N66: 0 | O66: 0 | P66: 0 | Q66: 0 | R66: 0 | S66: 0 | T66: 0 | U66: 0 | V66: 0 | W66: 0 | X66: 0 | Y66: 0
B67: Ensino Primário | C67: 6ª Classe | D67: =SUM(F67,H67,J67,L67,N67,P67,R67,T67,V67,X67) | E67: =SUM(G67,I67,K67,M67,O67,Q67,S67,U67,W67,Y67) | F67: 0 | G67: 0 | H67: 0 | I67: 0 | J67: 0 | K67: 0 | L67: 0 | M67: 0 | N67: 0 | O67: 0 | P67: 0 | Q67: 0 | R67: 0 | S67: 0 | T67: 0 | U67: 0 | V67: 0 | W67: 0 | X67: 0 | Y67: 0
A68: SUBTOTAL | B68: PÚBLICA | C68: 1ª a 6ª | D68: =SUM(D62:D67) | E68: =SUM(E62:E67) | F68: =SUM(F62:F67) | G68: =SUM(G62:G67) | H68: =SUM(H62:H67) | I68: =SUM(I62:I67) | J68: =SUM(J62:J67) | K68: =SUM(K62:K67) | ... Y68: =SUM(Y62:Y67)
A69: PÚBLICO-PRIVADA | B69: Ensino Primário | C69: 1ª Classe | D69: =SUM(F69,H69,J69,L69,N69,P69,R69,T69,V69,X69) | E69: =SUM(G69,I69,K69,M69,O69,Q69,S69,U69,W69,Y69) | F69: 0 | G69: 0 | H69: 0 | I69: 0 | J69: 0 | K69: 0 | L69: 0 | M69: 0 | N69: 0 | O69: 0 | P69: 0 | Q69: 0 | R69: 0 | S69: 0 | T69: 0 | U69: 0 | V69: 0 | W69: 0 | X69: 0 | Y69: 0
B70: Ensino Primário | C70: 2ª Classe | D70: =SUM(F70,H70,J70,L70,N70,P70,R70,T70,V70,X70) | E70: =SUM(G70,I70,K70,M70,O70,Q70,S70,U70,W70,Y70) | F70: 0 | G70: 0 | H70: 0 | I70: 0 | J70: 0 | K70: 0 | L70: 0 | M70: 0 | N70: 0 | O70: 0 | P70: 0 | Q70: 0 | R70: 0 | S70: 0 | T70: 0 | U70: 0 | V70: 0 | W70: 0 | X70: 0 | Y70: 0
B71: Ensino Primário | C71: 3ª Classe | D71: =SUM(F71,H71,J71,L71,N71,P71,R71,T71,V71,X71) | E71: =SUM(G71,I71,K71,M71,O71,Q71,S71,U71,W71,Y71) | F71: 0 | G71: 0 | H71: 0 | I71: 0 | J71: 0 | K71: 0 | L71: 0 | M71: 0 | N71: 0 | O71: 0 | P71: 0 | Q71: 0 | R71: 0 | S71: 0 | T71: 0 | U71: 0 | V71: 0 | W71: 0 | X71: 0 | Y71: 0
B72: Ensino Primário | C72: 4ª Classe | D72: =SUM(F72,H72,J72,L72,N72,P72,R72,T72,V72,X72) | E72: =SUM(G72,I72,K72,M72,O72,Q72,S72,U72,W72,Y72) | F72: 0 | G72: 0 | H72: 0 | I72: 0 | J72: 0 | K72: 0 | L72: 0 | M72: 0 | N72: 0 | O72: 0 | P72: 0 | Q72: 0 | R72: 0 | S72: 0 | T72: 0 | U72: 0 | V72: 0 | W72: 0 | X72: 0 | Y72: 0
B73: Ensino Primário | C73: 5ª Classe | D73: =SUM(F73,H73,J73,L73,N73,P73,R73,T73,V73,X73) | E73: =SUM(G73,I73,K73,M73,O73,Q73,S73,U73,W73,Y73) | F73: 0 | G73: 0 | H73: 0 | I73: 0 | J73: 0 | K73: 0 | L73: 0 | M73: 0 | N73: 0 | O73: 0 | P73: 0 | Q73: 0 | R73: 0 | S73: 0 | T73: 0 | U73: 0 | V73: 0 | W73: 0 | X73: 0 | Y73: 0
B74: Ensino Primário | C74: 6ª Classe | D74: =SUM(F74,H74,J74,L74,N74,P74,R74,T74,V74,X74) | E74: =SUM(G74,I74,K74,M74,O74,Q74,S74,U74,W74,Y74) | F74: 0 | G74: 0 | H74: 0 | I74: 0 | J74: 0 | K74: 0 | L74: 0 | M74: 0 | N74: 0 | O74: 0 | P74: 0 | Q74: 0 | R74: 0 | S74: 0 | T74: 0 | U74: 0 | V74: 0 | W74: 0 | X74: 0 | Y74: 0
A75: SUBTOTAL | B75: PÚBLICO-PRIVADA | C75: 1ª a 6ª | D75: =SUM(D69:D74) | E75: =SUM(E69:E74) | F75: =SUM(F69:F74) | G75: =SUM(G69:G74) | H75: =SUM(H69:H74) | I75: =SUM(I69:I74) | J75: =SUM(J69:J74) | K75: =SUM(K69:K74) | ... Y75: =SUM(Y69:Y74)
A76: PRIVADA | B76: Ensino Primário | C76: 1ª Classe | D76: =SUM(F76,H76,J76,L76,N76,P76,R76,T76,V76,X76) | E76: =SUM(G76,I76,K76,M76,O76,Q76,S76,U76,W76,Y76) | F76: 0 | G76: 0 | H76: 0 | I76: 0 | J76: 0 | K76: 0 | L76: 0 | M76: 0 | N76: 0 | O76: 0 | P76: 0 | Q76: 0 | R76: 0 | S76: 0 | T76: 0 | U76: 0 | V76: 0 | W76: 0 | X76: 0 | Y76: 0
B77: Ensino Primário | C77: 2ª Classe | D77: =SUM(F77,H77,J77,L77,N77,P77,R77,T77,V77,X77) | E77: =SUM(G77,I77,K77,M77,O77,Q77,S77,U77,W77,Y77) | F77: 0 | G77: 0 | H77: 0 | I77: 0 | J77: 0 | K77: 0 | L77: 0 | M77: 0 | N77: 0 | O77: 0 | P77: 0 | Q77: 0 | R77: 0 | S77: 0 | T77: 0 | U77: 0 | V77: 0 | W77: 0 | X77: 0 | Y77: 0
B78: Ensino Primário | C78: 3ª Classe | D78: =SUM(F78,H78,J78,L78,N78,P78,R78,T78,V78,X78) | E78: =SUM(G78,I78,K78,M78,O78,Q78,S78,U78,W78,Y78) | F78: 0 | G78: 0 | H78: 0 | I78: 0 | J78: 0 | K78: 0 | L78: 0 | M78: 0 | N78: 0 | O78: 0 | P78: 0 | Q78: 0 | R78: 0 | S78: 0 | T78: 0 | U78: 0 | V78: 0 | W78: 0 | X78: 0 | Y78: 0
B79: Ensino Primário | C79: 4ª Classe | D79: =SUM(F79,H79,J79,L79,N79,P79,R79,T79,V79,X79) | E79: =SUM(G79,I79,K79,M79,O79,Q79,S79,U79,W79,Y79) | F79: 0 | G79: 0 | H79: 0 | I79: 0 | J79: 0 | K79: 0 | L79: 0 | M79: 0 | N79: 0 | O79: 0 | P79: 0 | Q79: 0 | R79: 0 | S79: 0 | T79: 0 | U79: 0 | V79: 0 | W79: 0 | X79: 0 | Y79: 0
B80: Ensino Primário | C80: 5ª Classe | D80: =SUM(F80,H80,J80,L80,N80,P80,R80,T80,V80,X80) | E80: =SUM(G80,I80,K80,M80,O80,Q80,S80,U80,W80,Y80) | F80: 0 | G80: 0 | H80: 0 | I80: 0 | J80: 0 | K80: 0 | L80: 0 | M80: 0 | N80: 0 | O80: 0 | P80: 0 | Q80: 0 | R80: 0 | S80: 0 | T80: 0 | U80: 0 | V80: 0 | W80: 0 | X80: 0 | Y80: 0
B81: Ensino Primário | C81: 6ª Classe | D81: =SUM(F81,H81,J81,L81,N81,P81,R81,T81,V81,X81) | E81: =SUM(G81,I81,K81,M81,O81,Q81,S81,U81,W81,Y81) | F81: 0 | G81: 0 | H81: 0 | I81: 0 | J81: 0 | K81: 0 | L81: 0 | M81: 0 | N81: 0 | O81: 0 | P81: 0 | Q81: 0 | R81: 0 | S81: 0 | T81: 0 | U81: 0 | V81: 0 | W81: 0 | X81: 0 | Y81: 0
A82: SUBTOTAL | B82: PRIVADA | C82: 1ª a 6ª | D82: =SUM(D76:D81) | E82: =SUM(E76:E81) | F82: =SUM(F76:F81) | G82: =SUM(G76:G81) | H82: =SUM(H76:H81) | I82: =SUM(I76:I81) | J82: =SUM(J76:J81) | K82: =SUM(K76:K81) | ... Y82: =SUM(Y76:Y81)
A83: TOTAL POR CLASSE | B83: TODAS | C83: 1ª Classe | D83: =SUM(D62,D69,D76) | E83: =SUM(E62,E69,E76) | F83: =SUM(F62,F69,F76) | G83: =SUM(G62,G69,G76) | H83: =SUM(H62,H69,H76) | I83: =SUM(I62,I69,I76) | J83: =SUM(J62,J69,J76) | K83: =SUM(K62,K69,K76) | ... Y83: =SUM(Y62,Y69,Y76)
A84: TOTAL POR CLASSE | B84: TODAS | C84: 2ª Classe | D84: =SUM(D63,D70,D77) | E84: =SUM(E63,E70,E77) | F84: =SUM(F63,F70,F77) | G84: =SUM(G63,G70,G77) | H84: =SUM(H63,H70,H77) | I84: =SUM(I63,I70,I77) | J84: =SUM(J63,J70,J77) | K84: =SUM(K63,K70,K77) | ... Y84: =SUM(Y63,Y70,Y77)
A85: TOTAL POR CLASSE | B85: TODAS | C85: 3ª Classe | D85: =SUM(D64,D71,D78) | E85: =SUM(E64,E71,E78) | F85: =SUM(F64,F71,F78) | G85: =SUM(G64,G71,G78) | H85: =SUM(H64,H71,H78) | I85: =SUM(I64,I71,I78) | J85: =SUM(J64,J71,J78) | K85: =SUM(K64,K71,K78) | ... Y85: =SUM(Y64,Y71,Y78)
A86: TOTAL POR CLASSE | B86: TODAS | C86: 4ª Classe | D86: =SUM(D65,D72,D79) | E86: =SUM(E65,E72,E79) | F86: =SUM(F65,F72,F79) | G86: =SUM(G65,G72,G79) | H86: =SUM(H65,H72,H79) | I86: =SUM(I65,I72,I79) | J86: =SUM(J65,J72,J79) | K86: =SUM(K65,K72,K79) | ... Y86: =SUM(Y65,Y72,Y79)
A87: TOTAL POR CLASSE | B87: TODAS | C87: 5ª Classe | D87: =SUM(D66,D73,D80) | E87: =SUM(E66,E73,E80) | F87: =SUM(F66,F73,F80) | G87: =SUM(G66,G73,G80) | H87: =SUM(H66,H73,H80) | I87: =SUM(I66,I73,I80) | J87: =SUM(J66,J73,J80) | K87: =SUM(K66,K73,K80) | ... Y87: =SUM(Y66,Y73,Y80)
A88: TOTAL POR CLASSE | B88: TODAS | C88: 6ª Classe | D88: =SUM(D67,D74,D81) | E88: =SUM(E67,E74,E81) | F88: =SUM(F67,F74,F81) | G88: =SUM(G67,G74,G81) | H88: =SUM(H67,H74,H81) | I88: =SUM(I67,I74,I81) | J88: =SUM(J67,J74,J81) | K88: =SUM(K67,K74,K81) | ... Y88: =SUM(Y67,Y74,Y81)
A89: TOTAL GERAL | B89: REGULAR | C89: 1ª a 6ª | D89: =SUM(D68,D75,D82) | E89: =SUM(E68,E75,E82) | F89: =SUM(F68,F75,F82) | G89: =SUM(G68,G75,G82) | H89: =SUM(H68,H75,H82) | I89: =SUM(I68,I75,I82) | J89: =SUM(J68,J75,J82) | K89: =SUM(K68,K75,K82) | ... Y89: =SUM(Y68,Y75,Y82)
A92: TABELA 2.2 – Alunos do Ensino Primário em escolas específicas de Ensino Especial (Apenas Pública)
A94: NATUREZA | B94: CLASSE | C94: TOTAL | E94: Auditiva | G94: Intelectual | I94: Visual | K94: Surdo-Cegueira | M94: Múltipla | O94: Físico Motora | Q94: Espectro-Autista | S94: Altas Habilidades
C95: Total (MF) | D95: Total (F) | E95: MF | F95: F | G95: MF | H95: F | I95: MF | J95: F | K95: MF | L95: F | M95: MF | N95: F | O95: MF | P95: F | Q95: MF | R95: F | S95: MF | T95: F
A96: PÚBLICA | B96: 1ª Classe | C96: =SUM(E96,G96,I96,K96,M96,O96,Q96,S96) | D96: =SUM(F96,H96,J96,L96,N96,P96,R96,T96) | E96: 0 | F96: 0 | G96: 0 | H96: 0 | I96: 0 | J96: 0 | K96: 0 | L96: 0 | M96: 0 | N96: 0 | O96: 0 | P96: 0 | Q96: 0 | R96: 0 | S96: 0 | T96: 0
B97: 2ª Classe | C97: =SUM(E97,G97,I97,K97,M97,O97,Q97,S97) | D97: =SUM(F97,H97,J97,L97,N97,P97,R97,T97) | E97: 0 | F97: 0 | G97: 0 | H97: 0 | I97: 0 | J97: 0 | K97: 0 | L97: 0 | M97: 0 | N97: 0 | O97: 0 | P97: 0 | Q97: 0 | R97: 0 | S97: 0 | T97: 0
B98: 3ª Classe | C98: =SUM(E98,G98,I98,K98,M98,O98,Q98,S98) | D98: =SUM(F98,H98,J98,L98,N98,P98,R98,T98) | E98: 0 | F98: 0 | G98: 0 | H98: 0 | I98: 0 | J98: 0 | K98: 0 | L98: 0 | M98: 0 | N98: 0 | O98: 0 | P98: 0 | Q98: 0 | R98: 0 | S98: 0 | T98: 0
B99: 4ª Classe | C99: =SUM(E99,G99,I99,K99,M99,O99,Q99,S99) | D99: =SUM(F99,H99,J99,L99,N99,P99,R99,T99) | E99: 0 | F99: 0 | G99: 0 | H99: 0 | I99: 0 | J99: 0 | K99: 0 | L99: 0 | M99: 0 | N99: 0 | O99: 0 | P99: 0 | Q99: 0 | R99: 0 | S99: 0 | T99: 0
B100: 5ª Classe | C100: =SUM(E100,G100,I100,K100,M100,O100,Q100,S100) | D100: =SUM(F100,H100,J100,L100,N100,P100,R100,T100) | E100: 0 | F100: 0 | G100: 0 | H100: 0 | I100: 0 | J100: 0 | K100: 0 | L100: 0 | M100: 0 | N100: 0 | O100: 0 | P100: 0 | Q100: 0 | R100: 0 | S100: 0 | T100: 0
B101: 6ª Classe | C101: =SUM(E101,G101,I101,K101,M101,O101,Q101,S101) | D101: =SUM(F101,H101,J101,L101,N101,P101,R101,T101) | E101: 0 | F101: 0 | G101: 0 | H101: 0 | I101: 0 | J101: 0 | K101: 0 | L101: 0 | M101: 0 | N101: 0 | O101: 0 | P101: 0 | Q101: 0 | R101: 0 | S101: 0 | T101: 0
A102: TOTAL | B102: 1ª a 6ª | C102: =SUM(C96:C101) | D102: =SUM(D96:D101) | E102: =SUM(E96:E101) | F102: =SUM(F96:F101) | G102: =SUM(G96:G101) | H102: =SUM(H96:H101) | I102: =SUM(I96:I101) | J102: =SUM(J96:J101) | ... T102: =SUM(T96:T101)
A106: TABELA 2.3 – Alunos Matriculados no PRAEER (Programa de Aceleração Escolar)
A108: NATUREZA | B108: ETAPA | C108: TOTAL | E108: 7 Anos | G108: 8 Anos | I108: 9 Anos | K108: 10 Anos | M108: 11 Anos | O108: 12 Anos | Q108: 13 Anos | S108: 14 Anos | U108: Mais de 14 Anos
C109: Total (MF) | D109: Total (F) | E109: MF | F109: F | G109: MF | H109: F | I109: MF | J109: F | K109: MF | L109: F | M109: MF | N109: F | O109: MF | P109: F | Q109: MF | R109: F | S109: MF | T109: F | U109: MF | V109: F
A113: PÚBLICA | B113: Etapa 1 | C113: =SUM(E113,G113,I113,K113,M113,O113,Q113,S113,U113) | D113: =SUM(F113,H113,J113,L113,N113,P113,R113,T113,V113) | E113: 0 | F113: 0 | G113: 0 | H113: 0 | I113: 0 | J113: 0 | K113: 0 | L113: 0 | M113: 0 | N113: 0 | O113: 0 | P113: 0 | Q113: 0 | R113: 0 | S113: 0 | T113: 0 | U113: 0 | V113: 0
B114: Etapa 2 | C114: =SUM(E114,G114,I114,K114,M114,O114,Q114,S114,U114) | D114: =SUM(F114,H114,J114,L114,N114,P114,R114,T114,V114) | E114: 0 | F114: 0 | G114: 0 | H114: 0 | I114: 0 | J114: 0 | K114: 0 | L114: 0 | M114: 0 | N114: 0 | O114: 0 | P114: 0 | Q114: 0 | R114: 0 | S114: 0 | T114: 0 | U114: 0 | V114: 0
B115: Etapa 3 | C115: =SUM(E115,G115,I115,K115,M115,O115,Q115,S115,U115) | D115: =SUM(F115,H115,J115,L115,N115,P115,R115,T115,V115) | E115: 0 | F115: 0 | G115: 0 | H115: 0 | I115: 0 | J115: 0 | K115: 0 | L115: 0 | M115: 0 | N115: 0 | O115: 0 | P115: 0 | Q115: 0 | R115: 0 | S115: 0 | T115: 0 | U115: 0 | V115: 0
A116: SUBTOTAL | B116: PÚBLICA | C116: =SUM(C113:C115) | D116: =SUM(D113:D115) | E116: =SUM(E113:E115) | F116: =SUM(F113:F115) | G116: =SUM(G113:G115) | H116: =SUM(H113:H115) | I116: =SUM(I113:I115) | J116: =SUM(J113:J115) | ... V116: =SUM(V113:V115)
A117: PÚBLICO-PRIVADA | B117: Etapa 1 | C117: =SUM(E117,G117,I117,K117,M117,O117,Q117,S117,U117) | D117: =SUM(F117,H117,J117,L117,N117,P117,R117,T117,V117) | E117: 0 | F117: 0 | G117: 0 | H117: 0 | I117: 0 | J117: 0 | K117: 0 | L117: 0 | M117: 0 | N117: 0 | O117: 0 | P117: 0 | Q117: 0 | R117: 0 | S117: 0 | T117: 0 | U117: 0 | V117: 0
B118: Etapa 2 | C118: =SUM(E118,G118,I118,K118,M118,O118,Q118,S118,U118) | D118: =SUM(F118,H118,J118,L118,N118,P118,R118,T118,V118) | E118: 0 | F118: 0 | G118: 0 | H118: 0 | I118: 0 | J118: 0 | K118: 0 | L118: 0 | M118: 0 | N118: 0 | O118: 0 | P118: 0 | Q118: 0 | R118: 0 | S118: 0 | T118: 0 | U118: 0 | V118: 0
B119: Etapa 3 | C119: =SUM(E119,G119,I119,K119,M119,O119,Q119,S119,U119) | D119: =SUM(F119,H119,J119,L119,N119,P119,R119,T119,V119) | E119: 0 | F119: 0 | G119: 0 | H119: 0 | I119: 0 | J119: 0 | K119: 0 | L119: 0 | M119: 0 | N119: 0 | O119: 0 | P119: 0 | Q119: 0 | R119: 0 | S119: 0 | T119: 0 | U119: 0 | V119: 0
A120: SUBTOTAL | B120: PÚBLICO-PRIVADA | C120: =SUM(C117:C119) | D120: =SUM(D117:D119) | E120: =SUM(E117:E119) | F120: =SUM(F117:F119) | G120: =SUM(G117:G119) | H120: =SUM(H117:H119) | I120: =SUM(I117:I119) | J120: =SUM(J117:J119) | ... V120: =SUM(V117:V119)
A121: PRIVADA | B121: Etapa 1 | C121: =SUM(E121,G121,I121,K121,M121,O121,Q121,S121,U121) | D121: =SUM(F121,H121,J121,L121,N121,P121,R121,T121,V121) | E121: 0 | F121: 0 | G121: 0 | H121: 0 | I121: 0 | J121: 0 | K121: 0 | L121: 0 | M121: 0 | N121: 0 | O121: 0 | P121: 0 | Q121: 0 | R121: 0 | S121: 0 | T121: 0 | U121: 0 | V121: 0
B122: Etapa 2 | C122: =SUM(E122,G122,I122,K122,M122,O122,Q122,S122,U122) | D122: =SUM(F122,H122,J122,L122,N122,P122,R122,T122,V122) | E122: 0 | F122: 0 | G122: 0 | H122: 0 | I122: 0 | J122: 0 | K122: 0 | L122: 0 | M122: 0 | N122: 0 | O122: 0 | P122: 0 | Q122: 0 | R122: 0 | S122: 0 | T122: 0 | U122: 0 | V122: 0
B123: Etapa 3 | C123: =SUM(E123,G123,I123,K123,M123,O123,Q123,S123,U123) | D123: =SUM(F123,H123,J123,L123,N123,P123,R123,T123,V123) | E123: 0 | F123: 0 | G123: 0 | H123: 0 | I123: 0 | J123: 0 | K123: 0 | L123: 0 | M123: 0 | N123: 0 | O123: 0 | P123: 0 | Q123: 0 | R123: 0 | S123: 0 | T123: 0 | U123: 0 | V123: 0
A124: SUBTOTAL | B124: PRIVADA | C124: =SUM(C121:C123) | D124: =SUM(D121:D123) | E124: =SUM(E121:E123) | F124: =SUM(F121:F123) | G124: =SUM(G121:G123) | H124: =SUM(H121:H123) | I124: =SUM(I121:I123) | J124: =SUM(J121:J123) | ... V124: =SUM(V121:V123)
A125: TOTAL POR ETAPA | B125: Etapa 1 | C125: =SUM(C113,C117,C121) | D125: =SUM(D113,D117,D121) | E125: =SUM(E113,E117,E121) | F125: =SUM(F113,F117,F121) | G125: =SUM(G113,G117,G121) | H125: =SUM(H113,H117,H121) | I125: =SUM(I113,I117,I121) | J125: =SUM(J113,J117,J121) | ... V125: =SUM(V113,V117,V121)
...

Sheet 2 - PESSOAL_DOCENTE
A2: SECÇÃO 2 - DADOS ESTATÍSTICOS SOBRE PESSOAL DOCENTE EM EXERCÍCIO
A4: TABELA 2.1 – Pessoal Docente na Educação Pré-Escolar
A5: NATUREZA DA ESCOLA | B5: CATEGORIA / FUNÇÃO | C5: TOTAL DE DOCENTES | E5: Mestrado / Doutoramento | G5: Licenciatura em Ensino | I5: Outras Licenciaturas | K5: Bacharelato | M5: Técnico Médio Pedagógico | O5: Outros Técnicos Médios
C6: Total (MF) | D6: Total (F) | E6: MF | F6: F | G6: MF | H6: F | I6: MF | J6: F | K6: MF | L6: F | M6: MF | N6: F | O6: MF | P6: F
A7: PÚBLICA | B7: Educadores / Professores Titulares | C7: =SUM(E7,G7,I7,K7,M7,O7) | D7: =SUM(F7,H7,J7,L7,N7,P7) | E7: 0 | F7: 0 | G7: 0 | H7: 0 | I7: 0 | J7: 0 | K7: 0 | L7: 0 | M7: 0 | N7: 0 | O7: 0 | P7: 0
B8: Professores Coadjuvantes | C8: =SUM(E8,G8,I8,K8,M8,O8) | D8: =SUM(F8,H8,J8,L8,N8,P8) | E8: 0 | F8: 0 | G8: 0 | H8: 0 | I8: 0 | J8: 0 | K8: 0 | L8: 0 | M8: 0 | N8: 0 | O8: 0 | P8: 0
B9: Professores Estagiários | C9: =SUM(E9,G9,I9,K9,M9,O9) | D9: =SUM(F9,H9,J9,L9,N9,P9) | E9: 0 | F9: 0 | G9: 0 | H9: 0 | I9: 0 | J9: 0 | K9: 0 | L9: 0 | M9: 0 | N9: 0 | O9: 0 | P9: 0
A10: SUBTOTAL | B10: PÚBLICA | C10: =SUM(C7:C9) | D10: =SUM(D7:D9) | E10: =SUM(E7:E9) | F10: =SUM(F7:F9) | G10: =SUM(G7:G9) | H10: =SUM(H7:H9) | I10: =SUM(I7:I9) | J10: =SUM(J7:J9) | ... P10: =SUM(P7:P9)
A11: PÚBLICO-PRIVADA | B11: Educadores / Professores Titulares | C11: =SUM(E11,G11,I11,K11,M11,O11) | D11: =SUM(F11,H11,J11,L11,N11,P11) | E11: 0 | F11: 0 | G11: 0 | H11: 0 | I11: 0 | J11: 0 | K11: 0 | L11: 0 | M11: 0 | N11: 0 | O11: 0 | P11: 0
B12: Professores Coadjuvantes | C12: =SUM(E12,G12,I12,K12,M12,O12) | D12: =SUM(F12,H12,J12,L12,N12,P12) | E12: 0 | F12: 0 | G12: 0 | H12: 0 | I12: 0 | J12: 0 | K12: 0 | L12: 0 | M12: 0 | N12: 0 | O12: 0 | P12: 0
B13: Professores Estagiários | C13: =SUM(E13,G13,I13,K13,M13,O13) | D13: =SUM(F13,H13,J13,L13,N13,P13) | E13: 0 | F13: 0 | G13: 0 | H13: 0 | I13: 0 | J13: 0 | K13: 0 | L13: 0 | M13: 0 | N13: 0 | O13: 0 | P13: 0
A14: SUBTOTAL | B14: PÚBLICO-PRIVADA | C14: =SUM(C11:C13) | D14: =SUM(D11:D13) | E14: =SUM(E11:E13) | F14: =SUM(F11:F13) | G14: =SUM(G11:G13) | H14: =SUM(H11:H13) | I14: =SUM(I11:I13) | J14: =SUM(J11:J13) | ... P14: =SUM(P11:P13)
A15: PRIVADA | B15: Educadores / Professores Titulares | C15: =SUM(E15,G15,I15,K15,M15,O15) | D15: =SUM(F15,H15,J15,L15,N15,P15) | E15: 0 | F15: 0 | G15: 0 | H15: 0 | I15: 0 | J15: 0 | K15: 0 | L15: 0 | M15: 0 | N15: 0 | O15: 0 | P15: 0
B16: Professores Coadjuvantes | C16: =SUM(E16,G16,I16,K16,M16,O16) | D16: =SUM(F16,H16,J16,L16,N16,P16) | E16: 0 | F16: 0 | G16: 0 | H16: 0 | I16: 0 | J16: 0 | K16: 0 | L16: 0 | M16: 0 | N16: 0 | O16: 0 | P16: 0
B17: Professores Estagiários | C17: =SUM(E17,G17,I17,K17,M17,O17) | D17: =SUM(F17,H17,J17,L17,N17,P17) | E17: 0 | F17: 0 | G17: 0 | H17: 0 | I17: 0 | J17: 0 | K17: 0 | L17: 0 | M17: 0 | N17: 0 | O17: 0 | P17: 0
A18: SUBTOTAL | B18: PRIVADA | C18: =SUM(C15:C17) | D18: =SUM(D15:D17) | E18: =SUM(E15:E17) | F18: =SUM(F15:F17) | G18: =SUM(G15:G17) | H18: =SUM(H15:H17) | I18: =SUM(I15:I17) | J18: =SUM(J15:J17) | ... P18: =SUM(P15:P17)
A19: TOTAL | B19: PRÉ-ESCOLAR | C19: =SUM(C10,C14,C18) | D19: =SUM(D10,D14,D18) | E19: =SUM(E10,E14,E18) | F19: =SUM(F10,F14,F18) | G19: =SUM(G10,G14,G18) | H19: =SUM(H10,H14,H18) | I19: =SUM(I10,I14,I18) | J19: =SUM(J10,J14,J18) | ... P19: =SUM(P10,P14,P18)
A22: TABELA 2.2 – Pessoal Docente no Ensino Primário (Regular, PRAEER, EJA e Especial)
A23: NATUREZA DA ESCOLA | B23: CATEGORIA / FUNÇÃO | C23: TOTAL DE DOCENTES | E23: Mestrado / Doutoramento | G23: Licenciatura em Ensino | I23: Outras Licenciaturas | K23: Bacharelato | M23: Técnico Médio Pedagógico | O23: Outros Técnicos Médios
C24: Total (MF) | D24: Total (F) | E24: MF | F24: F | G24: MF | H24: F | I24: MF | J24: F | K24: MF | L24: F | M24: MF | N24: F | O24: MF | P24: F
A25: PÚBLICA | B25: Educadores / Professores Titulares | C25: =SUM(E25,G25,I25,K25,M25,O25) | D25: =SUM(F25,H25,J25,L25,N25,P25) | E25: 0 | F25: 0 | G25: 0 | H25: 0 | I25: 0 | J25: 0 | K25: 0 | L25: 0 | M25: 0 | N25: 0 | O25: 0 | P25: 0
B26: Professores Coadjuvantes | C26: =SUM(E26,G26,I26,K26,M26,O26) | D26: =SUM(F26,H26,J26,L26,N26,P26) | E26: 0 | F26: 0 | G26: 0 | H26: 0 | I26: 0 | J26: 0 | K26: 0 | L26: 0 | M26: 0 | N26: 0 | O26: 0 | P26: 0
B27: Professores Estagiários | C27: =SUM(E27,G27,I27,K27,M27,O27) | D27: =SUM(F27,H27,J27,L27,N27,P27) | E27: 0 | F27: 0 | G27: 0 | H27: 0 | I27: 0 | J27: 0 | K27: 0 | L27: 0 | M27: 0 | N27: 0 | O27: 0 | P27: 0
A28: SUBTOTAL | B28: PÚBLICA | C28: =SUM(C25:C27) | D28: =SUM(D25:D27) | E28: =SUM(E25:E27) | F28: =SUM(F25:F27) | G28: =SUM(G25:G27) | H28: =SUM(H25:H27) | I28: =SUM(I25:I27) | J28: =SUM(J25:J27) | ... P28: =SUM(P25:P27)
A29: PÚBLICO-PRIVADA | B29: Educadores / Professores Titulares | C29: =SUM(E29,G29,I29,K29,M29,O29) | D29: =SUM(F29,H29,J29,L29,N29,P29) | E29: 0 | F29: 0 | G29: 0 | H29: 0 | I29: 0 | J29: 0 | K29: 0 | L29: 0 | M29: 0 | N29: 0 | O29: 0 | P29: 0
B30: Professores Coadjuvantes | C30: =SUM(E30,G30,I30,K30,M30,O30) | D30: =SUM(F30,H30,J30,L30,N30,P30) | E30: 0 | F30: 0 | G30: 0 | H30: 0 | I30: 0 | J30: 0 | K30: 0 | L30: 0 | M30: 0 | N30: 0 | O30: 0 | P30: 0
B31: Professores Estagiários | C31: =SUM(E31,G31,I31,K31,M31,O31) | D31: =SUM(F31,H31,J31,L31,N31,P31) | E31: 0 | F31: 0 | G31: 0 | H31: 0 | I31: 0 | J31: 0 | K31: 0 | L31: 0 | M31: 0 | N31: 0 | O31: 0 | P31: 0
A32: SUBTOTAL | B32: PÚBLICO-PRIVADA | C32: =SUM(C29:C31) | D32: =SUM(D29:D31) | E32: =SUM(E29:E31) | F32: =SUM(F29:F31) | G32: =SUM(G29:G31) | H32: =SUM(H29:H31) | I32: =SUM(I29:I31) | J32: =SUM(J29:J31) | ... P32: =SUM(P29:P31)
A33: PRIVADA | B33: Educadores / Professores Titulares | C33: =SUM(E33,G33,I33,K33,M33,O33) | D33: =SUM(F33,H33,J33,L33,N33,P33) | E33: 0 | F33: 0 | G33: 0 | H33: 0 | I33: 0 | J33: 0 | K33: 0 | L33: 0 | M33: 0 | N33: 0 | O33: 0 | P33: 0
B34: Professores Coadjuvantes | C34: =SUM(E34,G34,I34,K34,M34,O34) | D34: =SUM(F34,H34,J34,L34,N34,P34) | E34: 0 | F34: 0 | G34: 0 | H34: 0 | I34: 0 | J34: 0 | K34: 0 | L34: 0 | M34: 0 | N34: 0 | O34: 0 | P34: 0
B35: Professores Estagiários | C35: =SUM(E35,G35,I35,K35,M35,O35) | D35: =SUM(F35,H35,J35,L35,N35,P35) | E35: 0 | F35: 0 | G35: 0 | H35: 0 | I35: 0 | J35: 0 | K35: 0 | L35: 0 | M35: 0 | N35: 0 | O35: 0 | P35: 0
A36: SUBTOTAL | B36: PRIVADA | C36: =SUM(C33:C35) | D36: =SUM(D33:D35) | E36: =SUM(E33:E35) | F36: =SUM(F33:F35) | G36: =SUM(G33:G35) | H36: =SUM(H33:H35) | I36: =SUM(I33:I35) | J36: =SUM(J33:J35) | ... P36: =SUM(P33:P35)
A37: TOTAL | B37: ENSINO PRIMÁRIO | C37: =SUM(C28,C32,C36) | D37: =SUM(D28,D32,D36) | E37: =SUM(E28,E32,E36) | F37: =SUM(F28,F32,F36) | G37: =SUM(G28,G32,G36) | H37: =SUM(H28,H32,H36) | I37: =SUM(I28,I32,I36) | J37: =SUM(J28,J32,J36) | ... P37: =SUM(P28,P32,P36)
A40: TABELA 2.3 – Pessoal Docente no Ensino Secundário do I Ciclo
A41: NATUREZA DA ESCOLA | B41: CATEGORIA / FUNÇÃO | C41: TOTAL DE DOCENTES | E41: Mestrado / Doutoramento | G41: Licenciatura em Ensino | I41: Outras Licenciaturas | K41: Bacharelato | M41: Técnico Médio Pedagógico | O41: Outros Técnicos Médios
C42: Total (MF) | D42: Total (F) | E42: MF | F42: F | G42: MF | H42: F | I42: MF | J42: F | K42: MF | L42: F | M42: MF | N42: F | O42: MF | P42: F
A43: PÚBLICA | B43: Educadores / Professores Titulares | C43: =SUM(E43,G43,I43,K43,M43,O43) | D43: =SUM(F43,H43,J43,L43,N43,P43) | E43: 0 | F43: 0 | G43: 0 | H43: 0 | I43: 0 | J43: 0 | K43: 0 | L43: 0 | M43: 0 | N43: 0 | O43: 0 | P43: 0
B44: Professores Coadjuvantes | C44: =SUM(E44,G44,I44,K44,M44,O44) | D44: =SUM(F44,H44,J44,L44,N44,P44) | E44: 0 | F44: 0 | G44: 0 | H44: 0 | I44: 0 | J44: 0 | K44: 0 | L44: 0 | M44: 0 | N44: 0 | O44: 0 | P44: 0
B45: Professores Estagiários | C45: =SUM(E45,G45,I45,K45,M45,O45) | D45: =SUM(F45,H45,J45,L45,N45,P45) | E45: 0 | F45: 0 | G45: 0 | H45: 0 | I45: 0 | J45: 0 | K45: 0 | L45: 0 | M45: 0 | N45: 0 | O45: 0 | P45: 0
A46: SUBTOTAL | B46: PÚBLICA | C46: =SUM(C43:C45) | D46: =SUM(D43:D45) | E46: =SUM(E43:E45) | F46: =SUM(F43:F45) | G46: =SUM(G43:G45) | H46: =SUM(H43:H45) | I46: =SUM(I43:I45) | J46: =SUM(J43:J45) | ... P46: =SUM(P43:P45)
A47: PÚBLICO-PRIVADA | B47: Educadores / Professores Titulares | C47: =SUM(E47,G47,I47,K47,M47,O47) | D47: =SUM(F47,H47,J47,L47,N47,P47) | E47: 0 | F47: 0 | G47: 0 | H47: 0 | I47: 0 | J47: 0 | K47: 0 | L47: 0 | M47: 0 | N47: 0 | O47: 0 | P47: 0
B48: Professores Coadjuvantes | C48: =SUM(E48,G48,I48,K48,M48,O48) | D48: =SUM(F48,H48,J48,L48,N48,P48) | E48: 0 | F48: 0 | G48: 0 | H48: 0 | I48: 0 | J48: 0 | K48: 0 | L48: 0 | M48: 0 | N48: 0 | O48: 0 | P48: 0
B49: Professores Estagiários | C49: =SUM(E49,G49,I49,K49,M49,O49) | D49: =SUM(F49,H49,J49,L49,N49,P49) | E49: 0 | F49: 0 | G49: 0 | H49: 0 | I49: 0 | J49: 0 | K49: 0 | L49: 0 | M49: 0 | N49: 0 | O49: 0 | P49: 0
A50: SUBTOTAL | B50: PÚBLICO-PRIVADA | C50: =SUM(C47:C49) | D50: =SUM(D47:D49) | E50: =SUM(E47:E49) | F50: =SUM(F47:F49) | G50: =SUM(G47:G49) | H50: =SUM(H47:H49) | I50: =SUM(I47:I49) | J50: =SUM(J47:J49) | ... P50: =SUM(P47:P49)
A51: PRIVADA | B51: Educadores / Professores Titulares | C51: =SUM(E51,G51,I51,K51,M51,O51) | D51: =SUM(F51,H51,J51,L51,N51,P51) | E51: 0 | F51: 0 | G51: 0 | H51: 0 | I51: 0 | J51: 0 | K51: 0 | L51: 0 | M51: 0 | N51: 0 | O51: 0 | P51: 0
B52: Professores Coadjuvantes | C52: =SUM(E52,G52,I52,K52,M52,O52) | D52: =SUM(F52,H52,J52,L52,N52,P52) | E52: 0 | F52: 0 | G52: 0 | H52: 0 | I52: 0 | J52: 0 | K52: 0 | L52: 0 | M52: 0 | N52: 0 | O52: 0 | P52: 0
B53: Professores Estagiários | C53: =SUM(E53,G53,I53,K53,M53,O53) | D53: =SUM(F53,H53,J53,L53,N53,P53) | E53: 0 | F53: 0 | G53: 0 | H53: 0 | I53: 0 | J53: 0 | K53: 0 | L53: 0 | M53: 0 | N53: 0 | O53: 0 | P53: 0
A54: SUBTOTAL | B54: PRIVADA | C54: =SUM(C51:C53) | D54: =SUM(D51:D53) | E54: =SUM(E51:E53) | F54: =SUM(F51:F53) | G54: =SUM(G51:G53) | H54: =SUM(H51:H53) | I54: =SUM(I51:I53) | J54: =SUM(J51:J53) | ... P54: =SUM(P51:P53)
A55: TOTAL | B55: SECUNDÁRIO I CICLO | C55: =SUM(C46,C50,C54) | D55: =SUM(D46,D50,D54) | E55: =SUM(E46,E50,E54) | F55: =SUM(F46,F50,F54) | G55: =SUM(G46,G50,G54) | H55: =SUM(H46,H50,H54) | I55: =SUM(I46,I50,I54) | J55: =SUM(J46,J50,J54) | ... P55: =SUM(P46,P50,P54)
A58: TABELA 2.4 – Pessoal Docente no Ensino Secundário do II Ciclo (Geral, Técnico e Pedagógico)
A59: NATUREZA DA ESCOLA | B59: CATEGORIA / FUNÇÃO | C59: TOTAL DE DOCENTES | E59: Mestrado / Doutoramento | G59: Licenciatura em Ensino | I59: Outras Licenciaturas | K59: Bacharelato | M59: Técnico Médio Pedagógico | O59: Outros Técnicos Médios
C60: Total (MF) | D60: Total (F) | E60: MF | F60: F | G60: MF | H60: F | I60: MF | J60: F | K60: MF | L60: F | M60: MF | N60: F | O60: MF | P60: F
A61: PÚBLICA | B61: Educadores / Professores Titulares | C61: =SUM(E61,G61,I61,K61,M61,O61) | D61: =SUM(F61,H61,J61,L61,N61,P61) | E61: 0 | F61: 0 | G61: 0 | H61: 0 | I61: 0 | J61: 0 | K61: 0 | L61: 0 | M61: 0 | N61: 0 | O61: 0 | P61: 0
B62: Professores Coadjuvantes | C62: =SUM(E62,G62,I62,K62,M62,O62) | D62: =SUM(F62,H62,J62,L62,N62,P62) | E62: 0 | F62: 0 | G62: 0 | H62: 0 | I62: 0 | J62: 0 | K62: 0 | L62: 0 | M62: 0 | N62: 0 | O62: 0 | P62: 0
B63: Professores Estagiários | C63: =SUM(E63,G63,I63,K63,M63,O63) | D63: =SUM(F63,H63,J63,L63,N63,P63) | E63: 0 | F63: 0 | G63: 0 | H63: 0 | I63: 0 | J63: 0 | K63: 0 | L63: 0 | M63: 0 | N63: 0 | O63: 0 | P63: 0
A64: SUBTOTAL | B64: PÚBLICA | C64: =SUM(C61:C63) | D64: =SUM(D61:D63) | E64: =SUM(E61:E63) | F64: =SUM(F61:F63) | G64: =SUM(G61:G63) | H64: =SUM(H61:H63) | I64: =SUM(I61:I63) | J64: =SUM(J61:J63) | ... P64: =SUM(P61:P63)
A65: PÚBLICO-PRIVADA | B65: Educadores / Professores Titulares | C65: =SUM(E65,G65,I65,K65,M65,O65) | D65: =SUM(F65,H65,J65,L65,N65,P65) | E65: 0 | F65: 0 | G65: 0 | H65: 0 | I65: 0 | J65: 0 | K65: 0 | L65: 0 | M65: 0 | N65: 0 | O65: 0 | P65: 0
B66: Professores Coadjuvantes | C66: =SUM(E66,G66,I66,K66,M66,O66) | D66: =SUM(F66,H66,J66,L66,N66,P66) | E66: 0 | F66: 0 | G66: 0 | H66: 0 | I66: 0 | J66: 0 | K66: 0 | L66: 0 | M66: 0 | N66: 0 | O66: 0 | P66: 0
B67: Professores Estagiários | C67: =SUM(E67,G67,I67,K67,M67,O67) | D67: =SUM(F67,H67,J67,L67,N67,P67) | E67: 0 | F67: 0 | G67: 0 | H67: 0 | I67: 0 | J67: 0 | K67: 0 | L67: 0 | M67: 0 | N67: 0 | O67: 0 | P67: 0
A68: SUBTOTAL | B68: PÚBLICO-PRIVADA | C68: =SUM(C65:C67) | D68: =SUM(D65:D67) | E68: =SUM(E65:E67) | F68: =SUM(F65:F67) | G68: =SUM(G65:G67) | H68: =SUM(H65:H67) | I68: =SUM(I65:I67) | J68: =SUM(J65:J67) | ... P68: =SUM(P65:P67)
A69: PRIVADA | B69: Educadores / Professores Titulares | C69: =SUM(E69,G69,I69,K69,M69,O69) | D69: =SUM(F69,H69,J69,L69,N69,P69) | E69: 0 | F69: 0 | G69: 0 | H69: 0 | I69: 0 | J69: 0 | K69: 0 | L69: 0 | M69: 0 | N69: 0 | O69: 0 | P69: 0
B70: Professores Coadjuvantes | C70: =SUM(E70,G70,I70,K70,M70,O70) | D70: =SUM(F70,H70,J70,L70,N70,P70) | E70: 0 | F70: 0 | G70: 0 | H70: 0 | I70: 0 | J70: 0 | K70: 0 | L70: 0 | M70: 0 | N70: 0 | O70: 0 | P70: 0
B71: Professores Estagiários | C71: =SUM(E71,G71,I71,K71,M71,O71) | D71: =SUM(F71,H71,J71,L71,N71,P71) | E71: 0 | F71: 0 | G71: 0 | H71: 0 | I71: 0 | J71: 0 | K71: 0 | L71: 0 | M71: 0 | N71: 0 | O71: 0 | P71: 0
A72: SUBTOTAL | B72: PRIVADA | C72: =SUM(C69:C71) | D72: =SUM(D69:D71) | E72: =SUM(E69:E71) | F72: =SUM(F69:F71) | G72: =SUM(G69:G71) | H72: =SUM(H69:H71) | I72: =SUM(I69:I71) | J72: =SUM(J69:J71) | ... P72: =SUM(P69:P71)
A73: TOTAL | B73: SECUNDÁRIO II CICLO | C73: =SUM(C64,C68,C72) | D73: =SUM(D64,D68,D72) | E73: =SUM(E64,E68,E72) | F73: =SUM(F64,F68,F72) | G73: =SUM(G64,G68,G72) | H73: =SUM(H64,H68,H72) | I73: =SUM(I64,I68,I72) | J73: =SUM(J64,J68,J72) | ... P73: =SUM(P64,P68,P72)
A76: CONSOLIDADO GERAL DE PESSOAL DOCENTE
A77: NÍVEL DE ENSINO | B77: DISCRIMINAÇÃO | C77: TOTAL DOCENTES (MF) | D77: TOTAL DOCENTES (F)
A78: Educação Pré-Escolar | B78: Docentes em Exercício | C78: =C19 | D78: =D19
A79: Ensino Primário | B79: Docentes em Exercício | C79: =C37 | D79: =D37
A80: Ensino Secundário I Ciclo | B80: Docentes em Exercício | C80: =C55 | D80: =D55
A81: Ensino Secundário II Ciclo | B81: Docentes em Exercício | C81: =C73 | D81: =D73
A82: TOTAL GERAL | B82: TODOS OS NÍVEIS | C82: =SUM(C78:C81) | D82: =SUM(D78:D81)

Sheet 3 - INFRAESTRUTURAS
A2: SECÇÃO 3 - DADOS ESTATÍSTICOS SOBRE INFRAESTRUTURAS E ESCOLAS EM FUNCIONAMENTO
A4: TABELA 3.1 – Estabelecimentos de Ensino e Salas de Aula em Funcionamento por Tipologia e Natureza
A5: DESIGNAÇÃO / TIPO DE ESCOLA | B5: NATUREZA JURÍDICA | C5: ESCOLAS EM FUNCIONAMENTO | D5: SALAS DE AULA UTILIZADAS | H5: LAVATÓRIOS / SANITÁRIOS | I5: COM ÁGUA | J5: COM ELETRICIDADE | K5: COMPUTADORES | L5: COM INTERNET
D6: Definitivas | E6: Provisórias | F6: Ar Livre / Tendas | G6: TOTAL SALAS
A7: Escola Primária | B7: PÚBLICA | C7: 0 | D7: 0 | E7: 0 | F7: 0 | G7: =SUM(D7:F7) | H7: 0 | I7: 0 | J7: 0 | K7: 0 | L7: 0
B8: PÚBLICO-PRIVADA | C8: 0 | D8: 0 | E8: 0 | F8: 0 | G8: =SUM(D8:F8) | H8: 0 | I8: 0 | J8: 0 | K8: 0 | L8: 0
B9: PRIVADA | C9: 0 | D9: 0 | E9: 0 | F9: 0 | G9: =SUM(D9:F9) | H9: 0 | I9: 0 | J9: 0 | K9: 0 | L9: 0
A10: SUBTOTAL | B10: Escola Primária | C10: =SUM(C7:C9) | D10: =SUM(D7:D9) | E10: =SUM(E7:E9) | F10: =SUM(F7:F9) | G10: =SUM(G7:G9) | H10: =SUM(H7:H9) | I10: =SUM(I7:I9) | J10: =SUM(J7:J9) | ... L10: =SUM(L7:L9)
A11: Colégio | B11: PÚBLICA | C11: 0 | D11: 0 | E11: 0 | F11: 0 | G11: =SUM(D11:F11) | H11: 0 | I11: 0 | J11: 0 | K11: 0 | L11: 0
B12: PÚBLICO-PRIVADA | C12: 0 | D12: 0 | E12: 0 | F12: 0 | G12: =SUM(D12:F12) | H12: 0 | I12: 0 | J12: 0 | K12: 0 | L12: 0
B13: PRIVADA | C13: 0 | D13: 0 | E13: 0 | F13: 0 | G13: =SUM(D13:F13) | H13: 0 | I13: 0 | J13: 0 | K13: 0 | L13: 0
A14: SUBTOTAL | B14: Colégio | C14: =SUM(C11:C13) | D14: =SUM(D11:D13) | E14: =SUM(E11:E13) | F14: =SUM(F11:F13) | G14: =SUM(G11:G13) | H14: =SUM(H11:H13) | I14: =SUM(I11:I13) | J14: =SUM(J11:J13) | ... L14: =SUM(L11:L13)
A15: Escola Secundária do I Ciclo | B15: PÚBLICA | C15: 0 | D15: 0 | E15: 0 | F15: 0 | G15: =SUM(D15:F15) | H15: 0 | I15: 0 | J15: 0 | K15: 0 | L15: 0
B16: PÚBLICO-PRIVADA | C16: 0 | D16: 0 | E16: 0 | F16: 0 | G16: =SUM(D16:F16) | H16: 0 | I16: 0 | J16: 0 | K16: 0 | L16: 0
B17: PRIVADA | C17: 0 | D17: 0 | E17: 0 | F17: 0 | G17: =SUM(D17:F17) | H17: 0 | I17: 0 | J17: 0 | K17: 0 | L17: 0
A18: SUBTOTAL | B18: Escola Secundária do I Ciclo | C18: =SUM(C15:C17) | D18: =SUM(D15:D17) | E18: =SUM(E15:E17) | F18: =SUM(F15:F17) | G18: =SUM(G15:G17) | H18: =SUM(H15:H17) | I18: =SUM(I15:I17) | J18: =SUM(J15:J17) | ... L18: =SUM(L15:L17)
A19: Liceu | B19: PÚBLICA | C19: 0 | D19: 0 | E19: 0 | F19: 0 | G19: =SUM(D19:F19) | H19: 0 | I19: 0 | J19: 0 | K19: 0 | L19: 0
B20: PÚBLICO-PRIVADA | C20: 0 | D20: 0 | E20: 0 | F20: 0 | G20: =SUM(D20:F20) | H20: 0 | I20: 0 | J20: 0 | K20: 0 | L20: 0
B21: PRIVADA | C21: 0 | D21: 0 | E21: 0 | F21: 0 | G21: =SUM(D21:F21) | H21: 0 | I21: 0 | J21: 0 | K21: 0 | L21: 0
A22: SUBTOTAL | B22: Liceu | C22: =SUM(C19:C21) | D22: =SUM(D19:D21) | E22: =SUM(E19:E21) | F22: =SUM(F19:F21) | G22: =SUM(G19:G21) | H22: =SUM(H19:H21) | I22: =SUM(I19:I21) | J22: =SUM(J19:J21) | ... L22: =SUM(L19:L21)
A23: Instituto Politécnico / Técnico | B23: PÚBLICA | C23: 0 | D23: 0 | E23: 0 | F23: 0 | G23: =SUM(D23:F23) | H23: 0 | I23: 0 | J23: 0 | K23: 0 | L23: 0
B24: PÚBLICO-PRIVADA | C24: 0 | D24: 0 | E24: 0 | F24: 0 | G24: =SUM(D24:F24) | H24: 0 | I24: 0 | J24: 0 | K24: 0 | L24: 0
B25: PRIVADA | C25: 0 | D25: 0 | E25: 0 | F25: 0 | G25: =SUM(D25:F25) | H25: 0 | I25: 0 | J25: 0 | K25: 0 | L25: 0
A26: SUBTOTAL | B26: Instituto Politécnico / Técnico | C26: =SUM(C23:C25) | D26: =SUM(D23:D25) | E26: =SUM(E23:E25) | F26: =SUM(F23:F25) | G26: =SUM(G23:G25) | H26: =SUM(H23:H25) | I26: =SUM(I23:I25) | J26: =SUM(J23:J25) | ... L26: =SUM(L23:L25)
A27: Magistério / Instituto Médio Pedagógico | B27: PÚBLICA | C27: 0 | D27: 0 | E27: 0 | F27: 0 | G27: =SUM(D27:F27) | H27: 0 | I27: 0 | J27: 0 | K27: 0 | L27: 0
B28: PÚBLICO-PRIVADA | C28: 0 | D28: 0 | E28: 0 | F28: 0 | G28: =SUM(D28:F28) | H28: 0 | I28: 0 | J28: 0 | K28: 0 | L28: 0
B29: PRIVADA | C29: 0 | D29: 0 | E29: 0 | F29: 0 | G29: =SUM(D29:F29) | H29: 0 | I29: 0 | J29: 0 | K29: 0 | L29: 0
A30: SUBTOTAL | B30: Magistério / Instituto Médio Pedagógico | C30: =SUM(C27:C29) | D30: =SUM(D27:D29) | E30: =SUM(E27:E29) | F30: =SUM(F27:F29) | G30: =SUM(G27:G29) | H30: =SUM(H27:H29) | I30: =SUM(I27:I29) | J30: =SUM(J27:J29) | ... L30: =SUM(L27:L29)
A31: Complexo Escolar (Iniciação ao Primário) | B31: PÚBLICA | C31: 0 | D31: 0 | E31: 0 | F31: 0 | G31: =SUM(D31:F31) | H31: 0 | I31: 0 | J31: 0 | K31: 0 | L31: 0
B32: PÚBLICO-PRIVADA | C32: 0 | D32: 0 | E32: 0 | F32: 0 | G32: =SUM(D32:F32) | H32: 0 | I32: 0 | J32: 0 | K32: 0 | L32: 0
B33: PRIVADA | C33: 0 | D33: 0 | E33: 0 | F33: 0 | G33: =SUM(D33:F33) | H33: 0 | I33: 0 | J33: 0 | K33: 0 | L33: 0
A34: SUBTOTAL | B34: Complexo Escolar (Iniciação ao Primário) | C34: =SUM(C31:C33) | D34: =SUM(D31:D33) | E34: =SUM(E31:E33) | F34: =SUM(F31:F33) | G34: =SUM(G31:G33) | H34: =SUM(H31:H33) | I34: =SUM(I31:I33) | J34: =SUM(J31:J33) | ... L34: =SUM(L31:L33)
A35: Complexo Escolar (Primário e I Ciclo) | B35: PÚBLICA | C35: 0 | D35: 0 | E35: 0 | F35: 0 | G35: =SUM(D35:F35) | H35: 0 | I35: 0 | J35: 0 | K35: 0 | L35: 0
B36: PÚBLICO-PRIVADA | C36: 0 | D36: 0 | E36: 0 | F36: 0 | G36: =SUM(D36:F36) | H36: 0 | I36: 0 | J36: 0 | K36: 0 | L36: 0
B37: PRIVADA | C37: 0 | D37: 0 | E37: 0 | F37: 0 | G37: =SUM(D37:F37) | H37: 0 | I37: 0 | J37: 0 | K37: 0 | L37: 0
A38: SUBTOTAL | B38: Complexo Escolar (Primário e I Ciclo) | C38: =SUM(C35:C37) | D38: =SUM(D35:D37) | E38: =SUM(E35:E37) | F38: =SUM(F35:F37) | G38: =SUM(G35:G37) | H38: =SUM(H35:H37) | I38: =SUM(I35:I37) | J38: =SUM(J35:J37) | ... L38: =SUM(L35:L37)
A39: Complexo Escolar (I e II Ciclo) | B39: PÚBLICA | C39: 0 | D39: 0 | E39: 0 | F39: 0 | G39: =SUM(D39:F39) | H39: 0 | I39: 0 | J39: 0 | K39: 0 | L39: 0
B40: PÚBLICO-PRIVADA | C40: 0 | D40: 0 | E40: 0 | F40: 0 | G40: =SUM(D40:F40) | H40: 0 | I40: 0 | J40: 0 | K40: 0 | L40: 0
B41: PRIVADA | C41: 0 | D41: 0 | E41: 0 | F41: 0 | G41: =SUM(D41:F41) | H41: 0 | I41: 0 | J41: 0 | K41: 0 | L41: 0
A42: SUBTOTAL | B42: Complexo Escolar (I e II Ciclo) | C42: =SUM(C39:C41) | D42: =SUM(D39:D41) | E42: =SUM(E39:E41) | F42: =SUM(F39:F41) | G42: =SUM(G39:G41) | H42: =SUM(H39:H41) | I42: =SUM(I39:I41) | J42: =SUM(J39:J41) | ... L42: =SUM(L39:L41)
A43: Complexo Escolar (Geral Completo) | B43: PÚBLICA | C43: 0 | D43: 0 | E43: 0 | F43: 0 | G43: =SUM(D43:F43) | H43: 0 | I43: 0 | J43: 0 | K43: 0 | L43: 0
B44: PÚBLICO-PRIVADA | C44: 0 | D44: 0 | E44: 0 | F44: 0 | G44: =SUM(D44:F44) | H44: 0 | I44: 0 | J44: 0 | K44: 0 | L44: 0
B45: PRIVADA | C45: 0 | D45: 0 | E45: 0 | F45: 0 | G45: =SUM(D45:F45) | H45: 0 | I45: 0 | J45: 0 | K45: 0 | L45: 0
A46: SUBTOTAL | B46: Complexo Escolar (Geral Completo) | C46: =SUM(C43:C45) | D46: =SUM(D43:D45) | E46: =SUM(E43:E45) | F46: =SUM(F43:F45) | G46: =SUM(G43:G45) | H46: =SUM(H43:H45) | I46: =SUM(I43:I45) | J46: =SUM(J43:J45) | ... L46: =SUM(L43:L45)
A47: Escola Específica de Educação Especial | B47: PÚBLICA | C47: 0 | D47: 0 | E47: 0 | F47: 0 | G47: =SUM(D47:F47) | H47: 0 | I47: 0 | J47: 0 | K47: 0 | L47: 0
B48: PÚBLICO-PRIVADA | C48: 0 | D48: 0 | E48: 0 | F48: 0 | G48: =SUM(D48:F48) | H48: 0 | I48: 0 | J48: 0 | K48: 0 | L48: 0
B49: PRIVADA | C49: 0 | D49: 0 | E49: 0 | F49: 0 | G49: =SUM(D49:F49) | H49: 0 | I49: 0 | J49: 0 | K49: 0 | L49: 0
A50: SUBTOTAL | B50: Escola Específica de Educação Especial | C50: =SUM(C47:C49) | D50: =SUM(D47:D49) | E50: =SUM(E47:E49) | F50: =SUM(F47:F49) | G50: =SUM(G47:G49) | H50: =SUM(H47:H49) | I50: =SUM(I47:I49) | J50: =SUM(J47:J49) | ... L50: =SUM(L47:L49)
A51: Creches e Jardins de Infância | B51: PÚBLICA | C51: 0 | D51: 0 | E51: 0 | F51: 0 | G51: =SUM(D51:F51) | H51: 0 | I51: 0 | J51: 0 | K51: 0 | L51: 0
B52: PÚBLICO-PRIVADA | C52: 0 | D52: 0 | E52: 0 | F52: 0 | G52: =SUM(D52:F52) | H52: 0 | I52: 0 | J52: 0 | K52: 0 | L52: 0
B53: PRIVADA | C53: 0 | D53: 0 | E53: 0 | F53: 0 | G53: =SUM(D53:F53) | H53: 0 | I53: 0 | J53: 0 | K53: 0 | L53: 0
A54: SUBTOTAL | B54: Creches e Jardins de Infância | C54: =SUM(C51:C53) | D54: =SUM(D51:D53) | E54: =SUM(E51:E53) | F54: =SUM(F51:F53) | G54: =SUM(G51:G53) | H54: =SUM(H51:H53) | I54: =SUM(I51:I53) | J54: =SUM(J51:J53) | ... L54: =SUM(L51:L53)
A55: TOTAL GERAL | B55: TODAS AS TIPOLOGIAS | C55: =SUM(C10,C14,C18,C22,C26,C30,C34,C38,C42,C46,C50,C54) | D55: =SUM(D10,D14,D18,D22,D26,D30,D34,D38,D42,D46,D50,D54) | E55: =SUM(E10,E14,E18,E22,E26,E30,E34,E38,E42,E46,E50,E54) | F55: =SUM(F10,F14,F18,F22,F26,F30,F34,F38,F42,F46,F50,F54) | G55: =SUM(G10,G14,G18,G22,G26,G30,G34,G38,G42,G46,G50,G54) | H55: =SUM(H10,H14,H18,H22,H26,H30,H34,H38,H42,H46,H50,H54) | I55: =SUM(I10,I14,I18,I22,I26,I30,I34,I38,I42,I46,I50,I54) | J55: =SUM(J10,J14,J18,J22,J26,J30,J34,J38,J42,J46,J50,J54) | ... L55: =SUM(L10,L14,L18,L22,L26,L30,L34,L38,L42,L46,L50,L54)

Sheet 4 - APROVEITAMENTO
A2: SECÇÃO 4 - DADOS ESTATÍSTICOS SOBRE APROVEITAMENTO ESCOLAR
A4: TABELA 4.1 – Rendimento e Aproveitamento Escolar por Nível de Ensino, Classe e Natureza
A5: SUBSISTEMA / NÍVEL | B5: NATUREZA DE ENSINO | C5: CLASSE / ETAPA | D5: ALUNOS MATRICULADOS | F5: ALUNOS APROVADOS | H5: ALUNOS REPROVADOS | J5: ALUNOS DESISTIDOS | L5: VALIDAÇÃO (CONSISTÊNCIA) | N5: DIFERENÇA (RESIDUAL 0 = OK) | P5: INDICADORES (%)
D6: Total (MF) | E6: Total (F) | F6: Total (MF) | G6: Total (F) | H6: Total (MF) | I6: Total (F) | J6: Total (MF) | K6: Total (F) | L6: Validação (MF) | M6: Validação (F) | N6: Residual (MF) | O6: Residual (F) | P6: % Aprovados | Q6: % Desistentes
A7: Educação Pré-Escolar | B7: PÚBLICA | C7: Creche (0-1 ano) - Turno da Manhã | D7: 0 | E7: 0 | F7: 0 | G7: 0 | H7: 0 | I7: 0 | J7: 0 | K7: 0 | L7: =IF(D7=F7+H7+J7,"Correcto","Falso") | M7: =IF(E7=G7+I7+K7,"Correcto","Falso") | N7: =D7-(F7+H7+J7) | O7: =E7-(G7+I7+K7) | P7: =IF(D7>0,F7/D7,0) | Q7: =IF(D7>0,J7/D7,0)
A8: Educação Pré-Escolar | B8: PÚBLICA | C8: Creche (1-2 anos) - Turno da Manhã | D8: 0 | E8: 0 | F8: 0 | G8: 0 | H8: 0 | I8: 0 | J8: 0 | K8: 0 | L8: =IF(D8=F8+H8+J8,"Correcto","Falso") | M8: =IF(E8=G8+I8+K8,"Correcto","Falso") | N8: =D8-(F8+H8+J8) | O8: =E8-(G8+I8+K8) | P8: =IF(D8>0,F8/D8,0) | Q8: =IF(D8>0,J8/D8,0)
A9: Educação Pré-Escolar | B9: PÚBLICA | C9: Jardim de Infância (3 anos) - Turno da Manhã | D9: 0 | E9: 0 | F9: 0 | G9: 0 | H9: 0 | I9: 0 | J9: 0 | K9: 0 | L9: =IF(D9=F9+H9+J9,"Correcto","Falso") | M9: =IF(E9=G9+I9+K9,"Correcto","Falso") | N9: =D9-(F9+H9+J9) | O9: =E9-(G9+I9+K9) | P9: =IF(D9>0,F9/D9,0) | Q9: =IF(D9>0,J9/D9,0)
A10: Educação Pré-Escolar | B10: PÚBLICA | C10: Jardim de Infância (4 anos) - Turno da Manhã | D10: 0 | E10: 0 | F10: 0 | G10: 0 | H10: 0 | I10: 0 | J10: 0 | K10: 0 | L10: =IF(D10=F10+H10+J10,"Correcto","Falso") | M10: =IF(E10=G10+I10+K10,"Correcto","Falso") | N10: =D10-(F10+H10+J10) | O10: =E10-(G10+I10+K10) | P10: =IF(D10>0,F10/D10,0) | Q10: =IF(D10>0,J10/D10,0)
A11: Educação Pré-Escolar | B11: PÚBLICA | C11: Jardim de Infância (5 anos) - Turno da Manhã | D11: 0 | E11: 0 | F11: 0 | G11: 0 | H11: 0 | I11: 0 | J11: 0 | K11: 0 | L11: =IF(D11=F11+H11+J11,"Correcto","Falso") | M11: =IF(E11=G11+I11+K11,"Correcto","Falso") | N11: =D11-(F11+H11+J11) | O11: =E11-(G11+I11+K11) | P11: =IF(D11>0,F11/D11,0) | Q11: =IF(D11>0,J11/D11,0)
A12: Educação Pré-Escolar | B12: PÚBLICA | C12: Iniciação (5 anos) - Turno da Manhã | D12: 0 | E12: 0 | F12: 0 | G12: 0 | H12: 0 | I12: 0 | J12: 0 | K12: 0 | L12: =IF(D12=F12+H12+J12,"Correcto","Falso") | M12: =IF(E12=G12+I12+K12,"Correcto","Falso") | N12: =D12-(F12+H12+J12) | O12: =E12-(G12+I12+K12) | P12: =IF(D12>0,F12/D12,0) | Q12: =IF(D12>0,J12/D12,0)
A13: Educação Pré-Escolar | B13: PÚBLICA | C13: Iniciação (6 anos) - Turno da Manhã | D13: 0 | E13: 0 | F13: 0 | G13: 0 | H13: 0 | I13: 0 | J13: 0 | K13: 0 | L13: =IF(D13=F13+H13+J13,"Correcto","Falso") | M13: =IF(E13=G13+I13+K13,"Correcto","Falso") | N13: =D13-(F13+H13+J13) | O13: =E13-(G13+I13+K13) | P13: =IF(D13>0,F13/D13,0) | Q13: =IF(D13>0,J13/D13,0)
A14: Educação Pré-Escolar | B14: PÚBLICA | C14: Centro Infantil Comunitário (CIC) - Turno da Manhã | D14: 0 | E14: 0 | F14: 0 | G14: 0 | H14: 0 | I14: 0 | J14: 0 | K14: 0 | L14: =IF(D14=F14+H14+J14,"Correcto","Falso") | M14: =IF(E14=G14+I14+K14,"Correcto","Falso") | N14: =D14-(F14+H14+J14) | O14: =E14-(G14+I14+K14) | P14: =IF(D14>0,F14/D14,0) | Q14: =IF(D14>0,J14/D14,0)
A15: Educação Pré-Escolar | B15: PÚBLICO-PRIVADA | C15: Creche (0-1 ano) - Turno da Manhã | D15: 0 | E15: 0 | F15: 0 | G15: 0 | H15: 0 | I15: 0 | J15: 0 | K15: 0 | L15: =IF(D15=F15+H15+J15,"Correcto","Falso") | M15: =IF(E15=G15+I15+K15,"Correcto","Falso") | N15: =D15-(F15+H15+J15) | O15: =E15-(G15+I15+K15) | P15: =IF(D15>0,F15/D15,0) | Q15: =IF(D15>0,J15/D15,0)
A16: Educação Pré-Escolar | B16: PÚBLICO-PRIVADA | C16: Creche (1-2 anos) - Turno da Manhã | D16: 0 | E16: 0 | F16: 0 | G16: 0 | H16: 0 | I16: 0 | J16: 0 | K16: 0 | L16: =IF(D16=F16+H16+J16,"Correcto","Falso") | M16: =IF(E16=G16+I16+K16,"Correcto","Falso") | N16: =D16-(F16+H16+J16) | O16: =E16-(G16+I16+K16) | P16: =IF(D16>0,F16/D16,0) | Q16: =IF(D16>0,J16/D16,0)
A17: Educação Pré-Escolar | B17: PÚBLICO-PRIVADA | C17: Jardim de Infância (3 anos) - Turno da Manhã | D17: 0 | E17: 0 | F17: 0 | G17: 0 | H17: 0 | I17: 0 | J17: 0 | K17: 0 | L17: =IF(D17=F17+H17+J17,"Correcto","Falso") | M17: =IF(E17=G17+I17+K17,"Correcto","Falso") | N17: =D17-(F17+H17+J17) | O17: =E17-(G17+I17+K17) | P17: =IF(D17>0,F17/D17,0) | Q17: =IF(D17>0,J17/D17,0)
A18: Educação Pré-Escolar | B18: PÚBLICO-PRIVADA | C18: Jardim de Infância (4 anos) - Turno da Manhã | D18: 0 | E18: 0 | F18: 0 | G18: 0 | H18: 0 | I18: 0 | J18: 0 | K18: 0 | L18: =IF(D18=F18+H18+J18,"Correcto","Falso") | M18: =IF(E18=G18+I18+K18,"Correcto","Falso") | N18: =D18-(F18+H18+J18) | O18: =E18-(G18+I18+K18) | P18: =IF(D18>0,F18/D18,0) | Q18: =IF(D18>0,J18/D18,0)
... A274: Educação Pré-Escolar | B274: PÚBLICO-PRIVADA | C274: Jardim de Infância (4 anos) - Turno da Manhã | D274: 0 | E274: 0 | F274: 0 | G274: 0 | H274: 0 | I274: 0 | J274: 0 | K274: 0 | L274: =IF(D274=F274+H274+J274,"Correcto","Falso") | M274: =IF(E274=G274+I274+K274,"Correcto","Falso") | N274: =D274-(F274+H274+J274) | O274: =E274-(G274+I274+K274) | P274: =IF(D274>0,F274/D274,0) | Q274: =IF(D274>0,J274/D274,0)
A275: SUBTOTAL | B275: EDUCAÇÃO PRÉ-ESCOLAR | C275: TODAS AS MODALIDADES | D275: =SUM(D7:D274) | E275: =SUM(E7:E274) | F275: =SUM(F7:F274) | G275: =SUM(G7:G274) | H275: =SUM(H7:H274) | I275: =SUM(I7:I274) | J275: =SUM(J7:J274) | K275: =SUM(K7:K274) | L275: =IF(D275=F275+H275+J275,"Correcto","Falso") | M275: =IF(E275=G275+I275+K275,"Correcto","Falso") | N275: =D275-(F275+H275+J275) | O275: =IF(D275>0,F275/D275,0) | P275: =IF(D275>0,J275/D275,0)
A277: Ensino Primário | B277: PÚBLICA | C277: 1ª Classe (Regular) | D277: 0 | E277: 0 | F277: 0 | G277: 0 | H277: 0 | I277: 0 | J277: 0 | K277: 0 | L277: =IF(D277=F277+H277+J277,"Correcto","Falso") | M277: =IF(E277=G277+I277+K277,"Correcto","Falso") | N277: =D277-(F277+H277+J277) | O277: =E277-(G277+I277+K277) | P277: =IF(D277>0,F277/D277,0) | Q277: =IF(D277>0,J277/D277,0)
A278: Ensino Primário | B278: PÚBLICA | C278: 2ª Classe (Regular) | D278: 0 | E278: 0 | F278: 0 | G278: 0 | H278: 0 | I278: 0 | J278: 0 | K278: 0 | L278: =IF(D278=F278+H278+J278,"Correcto","Falso") | M278: =IF(E278=G278+I278+K278,"Correcto","Falso") | N278: =D278-(F278+H278+J278) | O278: =E278-(G278+I278+K278) | P278: =IF(D278>0,F278/D278,0) | Q278: =IF(D278>0,J278/D278,0)
A279: Ensino Primário | B279: PÚBLICA | C279: 3ª Classe (Regular) | D279: 0 | E279: 0 | F279: 0 | G279: 0 | H279: 0 | I279: 0 | J279: 0 | K279: 0 | L279: =IF(D279=F279+H279+J279,"Correcto","Falso") | M279: =IF(E279=G279+I279+K279,"Correcto","Falso") | N279: =D279-(F279+H279+J279) | O279: =E279-(G279+I279+K279) | P279: =IF(D279>0,F279/D279,0) | Q279: =IF(D279>0,J279/D279,0)
A280: Ensino Primário | B280: PÚBLICA | C280: 4ª Classe (Regular) | D280: 0 | E280: 0 | F280: 0 | G280: 0 | H280: 0 | I280: 0 | J280: 0 | K280: 0 | L280: =IF(D280=F280+H280+J280,"Correcto","Falso") | M280: =IF(E280=G280+I280+K280,"Correcto","Falso") | N280: =D280-(F280+H280+J280) | O280: =E280-(G280+I280+K280) | P280: =IF(D280>0,F280/D280,0) | Q280: =IF(D280>0,J280/D280,0)
A281: Ensino Primário | B281: PÚBLICA | C281: 5ª Classe (Regular) | D281: 0 | E281: 0 | F281: 0 | G281: 0 | H281: 0 | I281: 0 | J281: 0 | K281: 0 | L281: =IF(D281=F281+H281+J281,"Correcto","Falso") | M281: =IF(E281=G281+I281+K281,"Correcto","Falso") | N281: =D281-(F281+H281+J281) | O281: =E281-(G281+I281+K281) | P281: =IF(D281>0,F281/D281,0) | Q281: =IF(D281>0,J281/D281,0)
A282: Ensino Primário | B282: PÚBLICA | C282: 6ª Classe (Regular) | D282: 0 | E282: 0 | F282: 0 | G282: 0 | H282: 0 | I282: 0 | J282: 0 | K282: 0 | L282: =IF(D282=F282+H282+J282,"Correcto","Falso") | M282: =IF(E282=G282+I282+K282,"Correcto","Falso") | N282: =D282-(F282+H282+J282) | O282: =E282-(G282+I282+K282) | P282: =IF(D282>0,F282/D282,0) | Q282: =IF(D282>0,J282/D282,0)
A283: Ensino Primário | B283: PÚBLICA | C283: 1ª Classe (PRAEER - Aceleração Escolar) | D283: 0 | E283: 0 | F283: 0 | G283: 0 | H283: 0 | I283: 0 | J283: 0 | K283: 0 | L283: =IF(D283=F283+H283+J283,"Correcto","Falso") | M283: =IF(E283=G283+I283+K283,"Correcto","Falso") | N283: =D283-(F283+H283+J283) | O283: =E283-(G283+I283+K283) | P283: =IF(D283>0,F283/D283,0) | Q283: =IF(D283>0,J283/D283,0)
A284: Ensino Primário | B284: PÚBLICA | C284: 2ª Classe (PRAEER - Aceleração Escolar) | D284: 0 | E284: 0 | F284: 0 | G284: 0 | H284: 0 | I284: 0 | J284: 0 | K284: 0 | L284: =IF(D284=F284+H284+J284,"Correcto","Falso") | M284: =IF(E284=G284+I284+K284,"Correcto","Falso") | N284: =D284-(F284+H284+J284) | O284: =E284-(G284+I284+K284) | P284: =IF(D284>0,F284/D284,0) | Q284: =IF(D284>0,J284/D284,0)
A285: Ensino Primário | B285: PÚBLICA | C285: 3ª Classe (PRAEER - Aceleração Escolar) | D285: 0 | E285: 0 | F285: 0 | G285: 0 | H285: 0 | I285: 0 | J285: 0 | K285: 0 | L285: =IF(D285=F285+H285+J285,"Correcto","Falso") | M285: =IF(E285=G285+I285+K285,"Correcto","Falso") | N285: =D285-(F285+H285+J285) | O285: =E285-(G285+I285+K285) | P285: =IF(D285>0,F285/D285,0) | Q285: =IF(D285>0,J285/D285,0)
A286: Ensino Primário | B286: PÚBLICA | C286: 4ª Classe (PRAEER - Aceleração Escolar) | D286: 0 | E286: 0 | F286: 0 | G286: 0 | H286: 0 | I286: 0 | J286: 0 | K286: 0 | L286: =IF(D286=F286+H286+J286,"Correcto","Falso") | M286: =IF(E286=G286+I286+K286,"Correcto","Falso") | N286: =D286-(F286+H286+J286) | O286: =E286-(G286+I286+K286) | P286: =IF(D286>0,F286/D286,0) | Q286: =IF(D286>0,J286/D286,0)
A287: Ensino Primário | B287: PÚBLICA | C287: 5ª Classe (PRAEER - Aceleração Escolar) | D287: 0 | E287: 0 | F287: 0 | G287: 0 | H287: 0 | I287: 0 | J287: 0 | K287: 0 | L287: =IF(D287=F287+H287+J287,"Correcto","Falso") | M287: =IF(E287=G287+I287+K287,"Correcto","Falso") | N287: =D287-(F287+H287+J287) | O287: =E287-(G287+I287+K287) | P287: =IF(D287>0,F287/D287,0) | Q287: =IF(D287>0,J287/D287,0)
A288: Ensino Primário | B288: PÚBLICA | C288: 6ª Classe (PRAEER - Aceleração Escolar) | D288: 0 | E288: 0 | F288: 0 | G288: 0 | H288: 0 | I288: 0 | J288: 0 | K288: 0 | L288: =IF(D288=F288+H288+J288,"Correcto","Falso") | M288: =IF(E288=G288+I288+K288,"Correcto","Falso") | N288: =D288-(F288+H288+J288) | O288: =E288-(G288+I288+K288) | P288: =IF(D288>0,F288/D288,0) | Q288: =IF(D288>0,J288/D288,0)
... A326: Ensino Primário | B326: PRIVADA | C326: 2ª Classe (EJA - Educação de Adultos) | D326: 0 | E326: 0 | F326: 0 | G326: 0 | H326: 0 | I326: 0 | J326: 0 | K326: 0 | L326: =IF(D326=F326+H326+J326,"Correcto","Falso") | M326: =IF(E326=G326+I326+K326,"Correcto","Falso") | N326: =D326-(F326+H326+J326) | O326: =E326-(G326+I326+K326) | P326: =IF(D326>0,F326/D326,0) | Q326: =IF(D326>0,J326/D326,0)
A327: SUBTOTAL | B327: ENSINO PRIMÁRIO | C327: 1ª À 6ª CLASSE / REGULAR, PRAEER E EJA | D327: =SUM(D277:D326) | E327: =SUM(E277:E326) | F327: =SUM(F277:F326) | G327: =SUM(G277:G326) | H327: =SUM(H277:H326) | I327: =SUM(I277:I326) | J327: =SUM(J277:J326) | K327: =SUM(K277:K326) | L327: =IF(D327=F327+H327+J327,"Correcto","Falso") | M327: =IF(E327=G327+I327+K327,"Correcto","Falso") | N327: =D327-(F327+H327+J327) | O327: =IF(D327>0,F327/D327,0) | P327: =IF(D327>0,J327/D327,0)
A329: I Ciclo Ensino Secundário | B329: PÚBLICA | C329: 7ª Classe - Ensino Secundário Geral | D329: 0 | E329: 0 | F329: 0 | G329: 0 | H329: 0 | I329: 0 | J329: 0 | K329: 0 | L329: =IF(D329=F329+H329+J329,"Correcto","Falso") | M329: =IF(E329=G329+I329+K329,"Correcto","Falso") | N329: =D329-(F329+H329+J329) | O329: =E329-(G329+I329+K329) | P329: =IF(D329>0,F329/D329,0) | Q329: =IF(D329>0,J329/D329,0)
A330: I Ciclo Ensino Secundário | B330: PÚBLICA | C330: 8ª Classe - Ensino Secundário Geral | D330: 0 | E330: 0 | F330: 0 | G330: 0 | H330: 0 | I330: 0 | J330: 0 | K330: 0 | L330: =IF(D330=F330+H330+J330,"Correcto","Falso") | M330: =IF(E330=G330+I330+K330,"Correcto","Falso") | N330: =D330-(F330+H330+J330) | O330: =E330-(G330+I330+K330) | P330: =IF(D330>0,F330/D330,0) | Q330: =IF(D330>0,J330/D330,0)
A331: I Ciclo Ensino Secundário | B331: PÚBLICA | C331: 9ª Classe - Ensino Secundário Geral | D331: 0 | E331: 0 | F331: 0 | G331: 0 | H331: 0 | I331: 0 | J331: 0 | K331: 0 | L331: =IF(D331=F331+H331+J331,"Correcto","Falso") | M331: =IF(E331=G331+I331+K331,"Correcto","Falso") | N331: =D331-(F331+H331+J331) | O331: =E331-(G331+I331+K331) | P331: =IF(D331>0,F331/D331,0) | Q331: =IF(D331>0,J331/D331,0)
A332: I Ciclo Ensino Secundário | B332: PÚBLICA | C332: 7ª Classe - Técnico-Profissional | D332: 0 | E332: 0 | F332: 0 | G332: 0 | H332: 0 | I332: 0 | J332: 0 | K332: 0 | L332: =IF(D332=F332+H332+J332,"Correcto","Falso") | M332: =IF(E332=G332+I332+K332,"Correcto","Falso") | N332: =D332-(F332+H332+J332) | O332: =E332-(G332+I332+K332) | P332: =IF(D332>0,F332/D332,0) | Q332: =IF(D332>0,J332/D332,0)
A333: I Ciclo Ensino Secundário | B333: PÚBLICA | C333: 8ª Classe - Técnico-Profissional | D333: 0 | E333: 0 | F333: 0 | G333: 0 | H333: 0 | I333: 0 | J333: 0 | K333: 0 | L333: =IF(D333=F333+H333+J333,"Correcto","Falso") | M333: =IF(E333=G333+I333+K333,"Correcto","Falso") | N333: =D333-(F333+H333+J333) | O333: =E333-(G333+I333+K333) | P333: =IF(D333>0,F333/D333,0) | Q333: =IF(D333>0,J333/D333,0)
A334: I Ciclo Ensino Secundário | B334: PÚBLICA | C334: 9ª Classe - Técnico-Profissional | D334: 0 | E334: 0 | F334: 0 | G334: 0 | H334: 0 | I334: 0 | J334: 0 | K334: 0 | L334: =IF(D334=F334+H334+J334,"Correcto","Falso") | M334: =IF(E334=G334+I334+K334,"Correcto","Falso") | N334: =D334-(F334+H334+J334) | O334: =E334-(G334+I334+K334) | P334: =IF(D334>0,F334/D334,0) | Q334: =IF(D334>0,J334/D334,0)
A335: I Ciclo Ensino Secundário | B335: PÚBLICA | C335: 7ª Classe - EJA Secundário | D335: 0 | E335: 0 | F335: 0 | G335: 0 | H335: 0 | I335: 0 | J335: 0 | K335: 0 | L335: =IF(D335=F335+H335+J335,"Correcto","Falso") | M335: =IF(E335=G335+I335+K335,"Correcto","Falso") | N335: =D335-(F335+H335+J335) | O335: =E335-(G335+I335+K335) | P335: =IF(D335>0,F335/D335,0) | Q335: =IF(D335>0,J335/D335,0)
A336: I Ciclo Ensino Secundário | B336: PÚBLICA | C336: 8ª Classe - EJA Secundário | D336: 0 | E336: 0 | F336: 0 | G336: 0 | H336: 0 | I336: 0 | J336: 0 | K336: 0 | L336: =IF(D336=F336+H336+J336,"Correcto","Falso") | M336: =IF(E336=G336+I336+K336,"Correcto","Falso") | N336: =D336-(F336+H336+J336) | O336: =E336-(G336+I336+K336) | P336: =IF(D336>0,F336/D336,0) | Q336: =IF(D336>0,J336/D336,0)
A337: I Ciclo Ensino Secundário | B337: PÚBLICA | C337: 9ª Classe - EJA Secundário | D337: 0 | E337: 0 | F337: 0 | G337: 0 | H337: 0 | I337: 0 | J337: 0 | K337: 0 | L337: =IF(D337=F337+H337+J337,"Correcto","Falso") | M337: =IF(E337=G337+I337+K337,"Correcto","Falso") | N337: =D337-(F337+H337+J337) | O337: =E337-(G337+I337+K337) | P337: =IF(D337>0,F337/D337,0) | Q337: =IF(D337>0,J337/D337,0)
A338: I Ciclo Ensino Secundário | B338: PÚBLICO-PRIVADA | C338: 7ª Classe - Ensino Secundário Geral | D338: 0 | E338: 0 | F338: 0 | G338: 0 | H338: 0 | I338: 0 | J338: 0 | K338: 0 | L338: =IF(D338=F338+H338+J338,"Correcto","Falso") | M338: =IF(E338=G338+I338+K338,"Correcto","Falso") | N338: =D338-(F338+H338+J338) | O338: =E338-(G338+I338+K338) | P338: =IF(D338>0,F338/D338,0) | Q338: =IF(D338>0,J338/D338,0)
A339: I Ciclo Ensino Secundário | B339: PÚBLICO-PRIVADA | C339: 8ª Classe - Ensino Secundário Geral | D339: 0 | E339: 0 | F339: 0 | G339: 0 | H339: 0 | I339: 0 | J339: 0 | K339: 0 | L339: =IF(D339=F339+H339+J339,"Correcto","Falso") | M339: =IF(E339=G339+I339+K339,"Correcto","Falso") | N339: =D339-(F339+H339+J339) | O339: =E339-(G339+I339+K339) | P339: =IF(D339>0,F339/D339,0) | Q339: =IF(D339>0,J339/D339,0)
A340: I Ciclo Ensino Secundário | B340: PÚBLICO-PRIVADA | C340: 9ª Classe - Ensino Secundário Geral | D340: 0 | E340: 0 | F340: 0 | G340: 0 | H340: 0 | I340: 0 | J340: 0 | K340: 0 | L340: =IF(D340=F340+H340+J340,"Correcto","Falso") | M340: =IF(E340=G340+I340+K340,"Correcto","Falso") | N340: =D340-(F340+H340+J340) | O340: =E340-(G340+I340+K340) | P340: =IF(D340>0,F340/D340,0) | Q340: =IF(D340>0,J340/D340,0)
... A350: I Ciclo Ensino Secundário | B350: PRIVADA | C350: 7ª Classe - Técnico-Profissional | D350: 0 | E350: 0 | F350: 0 | G350: 0 | H350: 0 | I350: 0 | J350: 0 | K350: 0 | L350: =IF(D350=F350+H350+J350,"Correcto","Falso") | M350: =IF(E350=G350+I350+K350,"Correcto","Falso") | N350: =D350-(F350+H350+J350) | O350: =E350-(G350+I350+K350) | P350: =IF(D350>0,F350/D350,0) | Q350: =IF(D350>0,J350/D350,0)
A351: SUBTOTAL | B351: I CICLO DO ENSINO SECUNDÁRIO | C351: 7ª, 8ª E 9ª CLASSE | D351: =SUM(D329:D350) | E351: =SUM(E329:E350) | F351: =SUM(F329:F350) | G351: =SUM(G329:G350) | H351: =SUM(H329:H350) | I351: =SUM(I329:I350) | J351: =SUM(J329:J350) | K351: =SUM(K329:K350) | L351: =IF(D351=F351+H351+J351,"Correcto","Falso") | M351: =IF(E351=G351+I351+K351,"Correcto","Falso") | N351: =D351-(F351+H351+J351) | O351: =IF(D351>0,F351/D351,0) | P351: =IF(D351>0,J351/D351,0)
A353: II Ciclo Ensino Secundário | B353: PÚBLICA | C353: 10ª Classe (Ciências Físicas e Biológicas) | D353: 0 | E353: 0 | F353: 0 | G353: 0 | H353: 0 | I353: 0 | J353: 0 | K353: 0 | L353: =IF(D353=F353+H353+J353,"Correcto","Falso") | M353: =IF(E353=G353+I353+K353,"Correcto","Falso") | N353: =D353-(F353+H353+J353) | O353: =E353-(G353+I353+K353) | P353: =IF(D353>0,F353/D353,0) | Q353: =IF(D353>0,J353/D353,0)
A354: II Ciclo Ensino Secundário | B354: PÚBLICA | C354: 11ª Classe (Ciências Físicas e Biológicas) | D354: 0 | E354: 0 | F354: 0 | G354: 0 | H354: 0 | I354: 0 | J354: 0 | K354: 0 | L354: =IF(D354=F354+H354+J354,"Correcto","Falso") | M354: =IF(E354=G354+I354+K354,"Correcto","Falso") | N354: =D354-(F354+H354+J354) | O354: =E354-(G354+I354+K354) | P354: =IF(D354>0,F354/D354,0) | Q354: =IF(D354>0,J354/D354,0)
A355: II Ciclo Ensino Secundário | B355: PÚBLICA | C355: 12ª Classe (Ciências Físicas e Biológicas) | D355: 0 | E355: 0 | F355: 0 | G355: 0 | H355: 0 | I355: 0 | J355: 0 | K355: 0 | L355: =IF(D355=F355+H355+J355,"Correcto","Falso") | M355: =IF(E355=G355+I355+K355,"Correcto","Falso") | N355: =D355-(F355+H355+J355) | O355: =E355-(G355+I355+K355) | P355: =IF(D355>0,F355/D355,0) | Q355: =IF(D355>0,J355/D355,0)
A356: II Ciclo Ensino Secundário | B356: PÚBLICA | C356: 13ª Classe (Ciências Físicas e Biológicas) | D356: 0 | E356: 0 | F356: 0 | G356: 0 | H356: 0 | I356: 0 | J356: 0 | K356: 0 | L356: =IF(D356=F356+H356+J356,"Correcto","Falso") | M356: =IF(E356=G356+I356+K356,"Correcto","Falso") | N356: =D356-(F356+H356+J356) | O356: =E356-(G356+I356+K356) | P356: =IF(D356>0,F356/D356,0) | Q356: =IF(D356>0,J356/D356,0)
A357: II Ciclo Ensino Secundário | B357: PÚBLICA | C357: 10ª Classe (Ciências Económico-Jurídicas) | D357: 0 | E357: 0 | F357: 0 | G357: 0 | H357: 0 | I357: 0 | J357: 0 | K357: 0 | L357: =IF(D357=F357+H357+J357,"Correcto","Falso") | M357: =IF(E357=G357+I357+K357,"Correcto","Falso") | N357: =D357-(F357+H357+J357) | O357: =E357-(G357+I357+K357) | P357: =IF(D357>0,F357/D357,0) | Q357: =IF(D357>0,J357/D357,0)
A358: II Ciclo Ensino Secundário | B358: PÚBLICA | C358: 11ª Classe (Ciências Económico-Jurídicas) | D358: 0 | E358: 0 | F358: 0 | G358: 0 | H358: 0 | I358: 0 | J358: 0 | K358: 0 | L358: =IF(D358=F358+H358+J358,"Correcto","Falso") | M358: =IF(E358=G358+I358+K358,"Correcto","Falso") | N358: =D358-(F358+H358+J358) | O358: =E358-(G358+I358+K358) | P358: =IF(D358>0,F358/D358,0) | Q358: =IF(D358>0,J358/D358,0)
A359: II Ciclo Ensino Secundário | B359: PÚBLICA | C359: 12ª Classe (Ciências Económico-Jurídicas) | D359: 0 | E359: 0 | F359: 0 | G359: 0 | H359: 0 | I359: 0 | J359: 0 | K359: 0 | L359: =IF(D359=F359+H359+J359,"Correcto","Falso") | M359: =IF(E359=G359+I359+K359,"Correcto","Falso") | N359: =D359-(F359+H359+J359) | O359: =E359-(G359+I359+K359) | P359: =IF(D359>0,F359/D359,0) | Q359: =IF(D359>0,J359/D359,0)
A360: II Ciclo Ensino Secundário | B360: PÚBLICA | C360: 13ª Classe (Ciências Económico-Jurídicas) | D360: 0 | E360: 0 | F360: 0 | G360: 0 | H360: 0 | I360: 0 | J360: 0 | K360: 0 | L360: =IF(D360=F360+H360+J360,"Correcto","Falso") | M360: =IF(E360=G360+I360+K360,"Correcto","Falso") | N360: =D360-(F360+H360+J360) | O360: =E360-(G360+I360+K360) | P360: =IF(D360>0,F360/D360,0) | Q360: =IF(D360>0,J360/D360,0)
A361: II Ciclo Ensino Secundário | B361: PÚBLICA | C361: 10ª Classe (Ciências Humanas) | D361: 0 | E361: 0 | F361: 0 | G361: 0 | H361: 0 | I361: 0 | J361: 0 | K361: 0 | L361: =IF(D361=F361+H361+J361,"Correcto","Falso") | M361: =IF(E361=G361+I361+K361,"Correcto","Falso") | N361: =D361-(F361+H361+J361) | O361: =E361-(G361+I361+K361) | P361: =IF(D361>0,F361/D361,0) | Q361: =IF(D361>0,J361/D361,0)
A362: II Ciclo Ensino Secundário | B362: PÚBLICA | C362: 11ª Classe (Ciências Humanas) | D362: 0 | E362: 0 | F362: 0 | G362: 0 | H362: 0 | I362: 0 | J362: 0 | K362: 0 | L362: =IF(D362=F362+H362+J362,"Correcto","Falso") | M362: =IF(E362=G362+I362+K362,"Correcto","Falso") | N362: =D362-(F362+H362+J362) | O362: =E362-(G362+I362+K362) | P362: =IF(D362>0,F362/D362,0) | Q362: =IF(D362>0,J362/D362,0)
A363: II Ciclo Ensino Secundário | B363: PÚBLICA | C363: 12ª Classe (Ciências Humanas) | D363: 0 | E363: 0 | F363: 0 | G363: 0 | H363: 0 | I363: 0 | J363: 0 | K363: 0 | L363: =IF(D363=F363+H363+J363,"Correcto","Falso") | M363: =IF(E363=G363+I363+K363,"Correcto","Falso") | N363: =D363-(F363+H363+J363) | O363: =E363-(G363+I363+K363) | P363: =IF(D363>0,F363/D363,0) | Q363: =IF(D363>0,J363/D363,0)
A364: II Ciclo Ensino Secundário | B364: PÚBLICA | C364: 13ª Classe (Ciências Humanas) | D364: 0 | E364: 0 | F364: 0 | G364: 0 | H364: 0 | I364: 0 | J364: 0 | K364: 0 | L364: =IF(D364=F364+H364+J364,"Correcto","Falso") | M364: =IF(E364=G364+I364+K364,"Correcto","Falso") | N364: =D364-(F364+H364+J364) | O364: =E364-(G364+I364+K364) | P364: =IF(D364>0,F364/D364,0) | Q364: =IF(D364>0,J364/D364,0)
... A370: II Ciclo Ensino Secundário | B370: PÚBLICA | C370: 11ª Classe (Técnico de Saúde) | D370: 0 | E370: 0 | F370: 0 | G370: 0 | H370: 0 | I370: 0 | J370: 0 | K370: 0 | L370: =IF(D370=F370+H370+J370,"Correcto","Falso") | M370: =IF(E370=G370+I370+K370,"Correcto","Falso") | N370: =D370-(F370+H370+J370) | O370: =E370-(G370+I370+K370) | P370: =IF(D370>0,F370/D370,0) | Q370: =IF(D370>0,J370/D370,0)
A371: SUBTOTAL | B371: II CICLO DO ENSINO SECUNDÁRIO | C371: 10ª À 13ª CLASSE | D371: =SUM(D353:D370) | E371: =SUM(E353:E370) | F371: =SUM(F353:F370) | G371: =SUM(G353:G370) | H371: =SUM(H353:H370) | I371: =SUM(I353:I370) | J371: =SUM(J353:J370) | K371: =SUM(K353:K370) | L371: =IF(D371=F371+H371+J371,"Correcto","Falso") | M371: =IF(E371=G371+I371+K371,"Correcto","Falso") | N371: =D371-(F371+H371+J371) | O371: =IF(D371>0,F371/D371,0) | P371: =IF(D371>0,J371/D371,0)
A373: TOTAL GERAL | B373: TODOS OS SUBSISTEMAS | C373: PRÉ-ESCOLAR, PRIMÁRIO, I E II CICLOS | D373: =SUM(D275,D327,D351,D371) | E373: =SUM(E275,E327,E351,E371) | F373: =SUM(F275,F327,F351,F371) | G373: =SUM(G275,G327,G351,G371) | H373: =SUM(H275,H327,H351,H371) | I373: =SUM(I275,I327,I351,I371) | J373: =SUM(J275,J327,J351,J371) | K373: =SUM(K275,K327,K351,K371) | L373: =IF(D373=F373+H373+J373,"Correcto","Falso") | M373: =IF(E373=G373+I373+K373,"Correcto","Falso") | N373: =D373-(F373+H373+J373) | O373: =IF(D373>0,F373/D373,0) | P373: =IF(D373>0,J373/D373,0)

Sheet 5 - ALUNOS REPETENTES
A2: SECÇÃO 5 - DADOS ESTATÍSTICOS SOBRE ALUNOS REPETENTES
A4: TABELA 5.1 – Alunos Repetentes na Classe de Iniciação (Pré-Escolar)
A5: NATUREZA DE ENSINO | B5: CLASSE / ETAPA | C5: TOTAL REPETENTES | E5: 5 Anos | G5: 6 Anos | I5: Mais de 6 Anos
C6: Total (MF) | D6: Total (F) | E6: MF | F6: F | G6: MF | H6: F | I6: MF | J6: F
A7: PÚBLICA | B7: Iniciação | C7: =SUM(E7,G7,I7) | D7: =SUM(F7,H7,J7) | E7: 0 | F7: 0 | G7: 0 | H7: 0 | I7: 0 | J7: 0
A8: PÚBLICO-PRIVADA | B8: Iniciação | C8: =SUM(E8,G8,I8) | D8: =SUM(F8,H8,J8) | E8: 0 | F8: 0 | G8: 0 | H8: 0 | I8: 0 | J8: 0
A9: PRIVADA | B9: Iniciação | C9: =SUM(E9,G9,I9) | D9: =SUM(F9,H9,J9) | E9: 0 | F9: 0 | G9: 0 | H9: 0 | I9: 0 | J9: 0
A10: TOTAL GERAL | B10: INICIAÇÃO | C10: =SUM(C7:C9) | D10: =SUM(D7:D9) | E10: =SUM(E7:E9) | F10: =SUM(F7:F9) | G10: =SUM(G7:G9) | H10: =SUM(H7:H9) | I10: =SUM(I7:I9) | J10: =SUM(J7:J9)
A12: TABELA 5.2 – Alunos Repetentes no Ensino Primário Regular
A13: NATUREZA DE ENSINO | B13: CLASSE | C13: TOTAL REPETENTES | E13: 6 Anos | G13: 7 Anos | I13: 8 Anos | K13: 9 Anos | M13: 10 Anos | O13: 11 Anos | Q13: 12 Anos | S13: 13 Anos | U13: Mais de 13 Anos
C14: Total (MF) | D14: Total (F) | E14: MF | F14: F | G14: MF | H14: F | I14: MF | J14: F | K14: MF | L14: F | M14: MF | N14: F | O14: MF | P14: F | Q14: MF | R14: F | S14: MF | T14: F | U14: MF | V14: F
A15: PÚBLICA | B15: 1ª Classe | C15: =SUM(E15,G15,I15,K15,M15,O15,Q15,S15,U15) | D15: =SUM(F15,H15,J15,L15,N15,P15,R15,T15,V15) | E15: 0 | F15: 0 | G15: 0 | H15: 0 | I15: 0 | J15: 0 | K15: 0 | L15: 0 | M15: 0 | N15: 0 | O15: 0 | P15: 0 | Q15: 0 | R15: 0 | S15: 0 | T15: 0 | U15: 0 | V15: 0
B16: 2ª Classe | C16: =SUM(E16,G16,I16,K16,M16,O16,Q16,S16,U16) | D16: =SUM(F16,H16,J16,L16,N16,P16,R16,T16,V16) | E16: 0 | F16: 0 | G16: 0 | H16: 0 | I16: 0 | J16: 0 | K16: 0 | L16: 0 | M16: 0 | N16: 0 | O16: 0 | P16: 0 | Q16: 0 | R16: 0 | S16: 0 | T16: 0 | U16: 0 | V16: 0
B17: 3ª Classe | C17: =SUM(E17,G17,I17,K17,M17,O17,Q17,S17,U17) | D17: =SUM(F17,H17,J17,L17,N17,P17,R17,T17,V17) | E17: 0 | F17: 0 | G17: 0 | H17: 0 | I17: 0 | J17: 0 | K17: 0 | L17: 0 | M17: 0 | N17: 0 | O17: 0 | P17: 0 | Q17: 0 | R17: 0 | S17: 0 | T17: 0 | U17: 0 | V17: 0
B18: 4ª Classe | C18: =SUM(E18,G18,I18,K18,M18,O18,Q18,S18,U18) | D18: =SUM(F18,H18,J18,L18,N18,P18,R18,T18,V18) | E18: 0 | F18: 0 | G18: 0 | H18: 0 | I18: 0 | J18: 0 | K18: 0 | L18: 0 | M18: 0 | N18: 0 | O18: 0 | P18: 0 | Q18: 0 | R18: 0 | S18: 0 | T18: 0 | U18: 0 | V18: 0
B19: 5ª Classe | C19: =SUM(E19,G19,I19,K19,M19,O19,Q19,S19,U19) | D19: =SUM(F19,H19,J19,L19,N19,P19,R19,T19,V19) | E19: 0 | F19: 0 | G19: 0 | H19: 0 | I19: 0 | J19: 0 | K19: 0 | L19: 0 | M19: 0 | N19: 0 | O19: 0 | P19: 0 | Q19: 0 | R19: 0 | S19: 0 | T19: 0 | U19: 0 | V19: 0
B20: 6ª Classe | C20: =SUM(E20,G20,I20,K20,M20,O20,Q20,S20,U20) | D20: =SUM(F20,H20,J20,L20,N20,P20,R20,T20,V20) | E20: 0 | F20: 0 | G20: 0 | H20: 0 | I20: 0 | J20: 0 | K20: 0 | L20: 0 | M20: 0 | N20: 0 | O20: 0 | P20: 0 | Q20: 0 | R20: 0 | S20: 0 | T20: 0 | U20: 0 | V20: 0
A21: SUBTOTAL | B21: PÚBLICA | C21: =SUM(C15:C20) | D21: =SUM(D15:D20) | E21: =SUM(E15:E20) | F21: =SUM(F15:F20) | G21: =SUM(G15:G20) | H21: =SUM(H15:H20) | I21: =SUM(I15:I20) | J21: =SUM(J15:J20) | ... V21: =SUM(V15:V20)
A22: PÚBLICO-PRIVADA | B22: 1ª Classe | C22: =SUM(E22,G22,I22,K22,M22,O22,Q22,S22,U22) | D22: =SUM(F22,H22,J22,L22,N22,P22,R22,T22,V22) | E22: 0 | F22: 0 | G22: 0 | H22: 0 | I22: 0 | J22: 0 | K22: 0 | L22: 0 | M22: 0 | N22: 0 | O22: 0 | P22: 0 | Q22: 0 | R22: 0 | S22: 0 | T22: 0 | U22: 0 | V22: 0
B23: 2ª Classe | C23: =SUM(E23,G23,I23,K23,M23,O23,Q23,S23,U23) | D23: =SUM(F23,H23,J23,L23,N23,P23,R23,T23,V23) | E23: 0 | F23: 0 | G23: 0 | H23: 0 | I23: 0 | J23: 0 | K23: 0 | L23: 0 | M23: 0 | N23: 0 | O23: 0 | P23: 0 | Q23: 0 | R23: 0 | S23: 0 | T23: 0 | U23: 0 | V23: 0
B24: 3ª Classe | C24: =SUM(E24,G24,I24,K24,M24,O24,Q24,S24,U24) | D24: =SUM(F24,H24,J24,L24,N24,P24,R24,T24,V24) | E24: 0 | F24: 0 | G24: 0 | H24: 0 | I24: 0 | J24: 0 | K24: 0 | L24: 0 | M24: 0 | N24: 0 | O24: 0 | P24: 0 | Q24: 0 | R24: 0 | S24: 0 | T24: 0 | U24: 0 | V24: 0
B25: 4ª Classe | C25: =SUM(E25,G25,I25,K25,M25,O25,Q25,S25,U25) | D25: =SUM(F25,H25,J25,L25,N25,P25,R25,T25,V25) | E25: 0 | F25: 0 | G25: 0 | H25: 0 | I25: 0 | J25: 0 | K25: 0 | L25: 0 | M25: 0 | N25: 0 | O25: 0 | P25: 0 | Q25: 0 | R25: 0 | S25: 0 | T25: 0 | U25: 0 | V25: 0
B26: 5ª Classe | C26: =SUM(E26,G26,I26,K26,M26,O26,Q26,S26,U26) | D26: =SUM(F26,H26,J26,L26,N26,P26,R26,T26,V26) | E26: 0 | F26: 0 | G26: 0 | H26: 0 | I26: 0 | J26: 0 | K26: 0 | L26: 0 | M26: 0 | N26: 0 | O26: 0 | P26: 0 | Q26: 0 | R26: 0 | S26: 0 | T26: 0 | U26: 0 | V26: 0
B27: 6ª Classe | C27: =SUM(E27,G27,I27,K27,M27,O27,Q27,S27,U27) | D27: =SUM(F27,H27,J27,L27,N27,P27,R27,T27,V27) | E27: 0 | F27: 0 | G27: 0 | H27: 0 | I27: 0 | J27: 0 | K27: 0 | L27: 0 | M27: 0 | N27: 0 | O27: 0 | P27: 0 | Q27: 0 | R27: 0 | S27: 0 | T27: 0 | U27: 0 | V27: 0
A28: SUBTOTAL | B28: PÚBLICO-PRIVADA | C28: =SUM(C22:C27) | D28: =SUM(D22:D27) | E28: =SUM(E22:E27) | F28: =SUM(F22:F27) | G28: =SUM(G22:G27) | H28: =SUM(H22:H27) | I28: =SUM(I22:I27) | J28: =SUM(J22:J27) | ... V28: =SUM(V22:V27)
A29: PRIVADA | B29: 1ª Classe | C29: =SUM(E29,G29,I29,K29,M29,O29,Q29,S29,U29) | D29: =SUM(F29,H29,J29,L29,N29,P29,R29,T29,V29) | E29: 0 | F29: 0 | G29: 0 | H29: 0 | I29: 0 | J29: 0 | K29: 0 | L29: 0 | M29: 0 | N29: 0 | O29: 0 | P29: 0 | Q29: 0 | R29: 0 | S29: 0 | T29: 0 | U29: 0 | V29: 0
B30: 2ª Classe | C30: =SUM(E30,G30,I30,K30,M30,O30,Q30,S30,U30) | D30: =SUM(F30,H30,J30,L30,N30,P30,R30,T30,V30) | E30: 0 | F30: 0 | G30: 0 | H30: 0 | I30: 0 | J30: 0 | K30: 0 | L30: 0 | M30: 0 | N30: 0 | O30: 0 | P30: 0 | Q30: 0 | R30: 0 | S30: 0 | T30: 0 | U30: 0 | V30: 0
B31: 3ª Classe | C31: =SUM(E31,G31,I31,K31,M31,O31,Q31,S31,U31) | D31: =SUM(F31,H31,J31,L31,N31,P31,R31,T31,V31) | E31: 0 | F31: 0 | G31: 0 | H31: 0 | I31: 0 | J31: 0 | K31: 0 | L31: 0 | M31: 0 | N31: 0 | O31: 0 | P31: 0 | Q31: 0 | R31: 0 | S31: 0 | T31: 0 | U31: 0 | V31: 0
B32: 4ª Classe | C32: =SUM(E32,G32,I32,K32,M32,O32,Q32,S32,U32) | D32: =SUM(F32,H32,J32,L32,N32,P32,R32,T32,V32) | E32: 0 | F32: 0 | G32: 0 | H32: 0 | I32: 0 | J32: 0 | K32: 0 | L32: 0 | M32: 0 | N32: 0 | O32: 0 | P32: 0 | Q32: 0 | R32: 0 | S32: 0 | T32: 0 | U32: 0 | V32: 0
B33: 5ª Classe | C33: =SUM(E33,G33,I33,K33,M33,O33,Q33,S33,U33) | D33: =SUM(F33,H33,J33,L33,N33,P33,R33,T33,V33) | E33: 0 | F33: 0 | G33: 0 | H33: 0 | I33: 0 | J33: 0 | K33: 0 | L33: 0 | M33: 0 | N33: 0 | O33: 0 | P33: 0 | Q33: 0 | R33: 0 | S33: 0 | T33: 0 | U33: 0 | V33: 0
B34: 6ª Classe | C34: =SUM(E34,G34,I34,K34,M34,O34,Q34,S34,U34) | D34: =SUM(F34,H34,J34,L34,N34,P34,R34,T34,V34) | E34: 0 | F34: 0 | G34: 0 | H34: 0 | I34: 0 | J34: 0 | K34: 0 | L34: 0 | M34: 0 | N34: 0 | O34: 0 | P34: 0 | Q34: 0 | R34: 0 | S34: 0 | T34: 0 | U34: 0 | V34: 0
A35: SUBTOTAL | B35: PRIVADA | C35: =SUM(C29:C34) | D35: =SUM(D29:D34) | E35: =SUM(E29:E34) | F35: =SUM(F29:F34) | G35: =SUM(G29:G34) | H35: =SUM(H29:H34) | I35: =SUM(I29:I34) | J35: =SUM(J29:J34) | ... V35: =SUM(V29:V34)
A36: TOTAL GERAL | B36: ENSINO PRIMÁRIO | C36: =SUM(C21,C28,C35) | D36: =SUM(D21,D28,D35) | E36: =SUM(E21,E28,E35) | F36: =SUM(F21,F28,F35) | G36: =SUM(G21,G28,G35) | H36: =SUM(H21,H28,H35) | I36: =SUM(I21,I28,I35) | J36: =SUM(J21,J28,J35) | ... V36: =SUM(V21,V28,V35)
A38: TABELA 5.3 – Alunos Repetentes no PRAEER (Aceleração Escolar)
A39: NATUREZA DE ENSINO | B39: ETAPA / MÓDULO | C39: TOTAL REPETENTES | E39: 6 Anos | G39: 7 Anos | I39: 8 Anos | K39: 9 Anos | M39: 10 Anos | O39: 11 Anos | Q39: 12 Anos | S39: 13 Anos | U39: Mais de 13 Anos
C40: Total (MF) | D40: Total (F) | E40: MF | F40: F | G40: MF | H40: F | I40: MF | J40: F | K40: MF | L40: F | M40: MF | N40: F | O40: MF | P40: F | Q40: MF | R40: F | S40: MF | T40: F | U40: MF | V40: F
A41: PÚBLICA | B41: Etapa 1 | C41: =SUM(E41,G41,I41,K41,M41,O41,Q41,S41,U41) | D41: =SUM(F41,H41,J41,L41,N41,P41,R41,T41,V41) | E41: 0 | F41: 0 | G41: 0 | H41: 0 | I41: 0 | J41: 0 | K41: 0 | L41: 0 | M41: 0 | N41: 0 | O41: 0 | P41: 0 | Q41: 0 | R41: 0 | S41: 0 | T41: 0 | U41: 0 | V41: 0
A42: PÚBLICA | B42: Etapa 2 | C42: =SUM(E42,G42,I42,K42,M42,O42,Q42,S42,U42) | D42: =SUM(F42,H42,J42,L42,N42,P42,R42,T42,V42) | E42: 0 | F42: 0 | G42: 0 | H42: 0 | I42: 0 | J42: 0 | K42: 0 | L42: 0 | M42: 0 | N42: 0 | O42: 0 | P42: 0 | Q42: 0 | R42: 0 | S42: 0 | T42: 0 | U42: 0 | V42: 0
A43: PÚBLICA | B43: Etapa 3 | C43: =SUM(E43,G43,I43,K43,M43,O43,Q43,S43,U43) | D43: =SUM(F43,H43,J43,L43,N43,P43,R43,T43,V43) | E43: 0 | F43: 0 | G43: 0 | H43: 0 | I43: 0 | J43: 0 | K43: 0 | L43: 0 | M43: 0 | N43: 0 | O43: 0 | P43: 0 | Q43: 0 | R43: 0 | S43: 0 | T43: 0 | U43: 0 | V43: 0
A44: PÚBLICO-PRIVADA | B44: Etapa 1 | C44: =SUM(E44,G44,I44,K44,M44,O44,Q44,S44,U44) | D44: =SUM(F44,H44,J44,L44,N44,P44,R44,T44,V44) | E44: 0 | F44: 0 | G44: 0 | H44: 0 | I44: 0 | J44: 0 | K44: 0 | L44: 0 | M44: 0 | N44: 0 | O44: 0 | P44: 0 | Q44: 0 | R44: 0 | S44: 0 | T44: 0 | U44: 0 | V44: 0
A45: PÚBLICO-PRIVADA | B45: Etapa 2 | C45: =SUM(E45,G45,I45,K45,M45,O45,Q45,S45,U45) | D45: =SUM(F45,H45,J45,L45,N45,P45,R45,T45,V45) | E45: 0 | F45: 0 | G45: 0 | H45: 0 | I45: 0 | J45: 0 | K45: 0 | L45: 0 | M45: 0 | N45: 0 | O45: 0 | P45: 0 | Q45: 0 | R45: 0 | S45: 0 | T45: 0 | U45: 0 | V45: 0
A46: PÚBLICO-PRIVADA | B46: Etapa 3 | C46: =SUM(E46,G46,I46,K46,M46,O46,Q46,S46,U46) | D46: =SUM(F46,H46,J46,L46,N46,P46,R46,T46,V46) | E46: 0 | F46: 0 | G46: 0 | H46: 0 | I46: 0 | J46: 0 | K46: 0 | L46: 0 | M46: 0 | N46: 0 | O46: 0 | P46: 0 | Q46: 0 | R46: 0 | S46: 0 | T46: 0 | U46: 0 | V46: 0
A47: PRIVADA | B47: Etapa 1 | C47: =SUM(E47,G47,I47,K47,M47,O47,Q47,S47,U47) | D47: =SUM(F47,H47,J47,L47,N47,P47,R47,T47,V47) | E47: 0 | F47: 0 | G47: 0 | H47: 0 | I47: 0 | J47: 0 | K47: 0 | L47: 0 | M47: 0 | N47: 0 | O47: 0 | P47: 0 | Q47: 0 | R47: 0 | S47: 0 | T47: 0 | U47: 0 | V47: 0
A48: PRIVADA | B48: Etapa 2 | C48: =SUM(E48,G48,I48,K48,M48,O48,Q48,S48,U48) | D48: =SUM(F48,H48,J48,L48,N48,P48,R48,T48,V48) | E48: 0 | F48: 0 | G48: 0 | H48: 0 | I48: 0 | J48: 0 | K48: 0 | L48: 0 | M48: 0 | N48: 0 | O48: 0 | P48: 0 | Q48: 0 | R48: 0 | S48: 0 | T48: 0 | U48: 0 | V48: 0
A49: PRIVADA | B49: Etapa 3 | C49: =SUM(E49,G49,I49,K49,M49,O49,Q49,S49,U49) | D49: =SUM(F49,H49,J49,L49,N49,P49,R49,T49,V49) | E49: 0 | F49: 0 | G49: 0 | H49: 0 | I49: 0 | J49: 0 | K49: 0 | L49: 0 | M49: 0 | N49: 0 | O49: 0 | P49: 0 | Q49: 0 | R49: 0 | S49: 0 | T49: 0 | U49: 0 | V49: 0
A50: TOTAL GERAL | B50: PRAEER | C50: =SUM(C41:C49) | D50: =SUM(D41:D49) | E50: =SUM(E41:E49) | F50: =SUM(F41:F49) | G50: =SUM(G41:G49) | H50: =SUM(H41:H49) | I50: =SUM(I41:I49) | J50: =SUM(J41:J49) | ... V50: =SUM(V41:V49)
A52: TABELA 5.4 – Alunos Repetentes no Ensino Secundário do I Ciclo (Geral e Técnico)
A53: NATUREZA DE ENSINO | B53: CLASSE / SUBSISTEMA | C53: TOTAL REPETENTES | E53: 12 Anos | G53: 13 Anos | I53: 14 Anos | K53: 15 Anos | M53: 16 Anos | O53: 17 Anos | Q53: 18 Anos | S53: Mais de 18 Anos
C54: Total (MF) | D54: Total (F) | E54: MF | F54: F | G54: MF | H54: F | I54: MF | J54: F | K54: MF | L54: F | M54: MF | N54: F | O54: MF | P54: F | Q54: MF | R54: F | S54: MF | T54: F
A55: PÚBLICA | B55: 7ª Classe (Geral) | C55: =SUM(E55,G55,I55,K55,M55,O55,Q55,S55) | D55: =SUM(F55,H55,J55,L55,N55,P55,R55,T55) | E55: 0 | F55: 0 | G55: 0 | H55: 0 | I55: 0 | J55: 0 | K55: 0 | L55: 0 | M55: 0 | N55: 0 | O55: 0 | P55: 0 | Q55: 0 | R55: 0 | S55: 0 | T55: 0
B56: 8ª Classe (Geral) | C56: =SUM(E56,G56,I56,K56,M56,O56,Q56,S56) | D56: =SUM(F56,H56,J56,L56,N56,P56,R56,T56) | E56: 0 | F56: 0 | G56: 0 | H56: 0 | I56: 0 | J56: 0 | K56: 0 | L56: 0 | M56: 0 | N56: 0 | O56: 0 | P56: 0 | Q56: 0 | R56: 0 | S56: 0 | T56: 0
B57: 9ª Classe (Geral) | C57: =SUM(E57,G57,I57,K57,M57,O57,Q57,S57) | D57: =SUM(F57,H57,J57,L57,N57,P57,R57,T57) | E57: 0 | F57: 0 | G57: 0 | H57: 0 | I57: 0 | J57: 0 | K57: 0 | L57: 0 | M57: 0 | N57: 0 | O57: 0 | P57: 0 | Q57: 0 | R57: 0 | S57: 0 | T57: 0
B58: 7ª Classe (Técnico) | C58: =SUM(E58,G58,I58,K58,M58,O58,Q58,S58) | D58: =SUM(F58,H58,J58,L58,N58,P58,R58,T58) | E58: 0 | F58: 0 | G58: 0 | H58: 0 | I58: 0 | J58: 0 | K58: 0 | L58: 0 | M58: 0 | N58: 0 | O58: 0 | P58: 0 | Q58: 0 | R58: 0 | S58: 0 | T58: 0
B59: 8ª Classe (Técnico) | C59: =SUM(E59,G59,I59,K59,M59,O59,Q59,S59) | D59: =SUM(F59,H59,J59,L59,N59,P59,R59,T59) | E59: 0 | F59: 0 | G59: 0 | H59: 0 | I59: 0 | J59: 0 | K59: 0 | L59: 0 | M59: 0 | N59: 0 | O59: 0 | P59: 0 | Q59: 0 | R59: 0 | S59: 0 | T59: 0
B60: 9ª Classe (Técnico) | C60: =SUM(E60,G60,I60,K60,M60,O60,Q60,S60) | D60: =SUM(F60,H60,J60,L60,N60,P60,R60,T60) | E60: 0 | F60: 0 | G60: 0 | H60: 0 | I60: 0 | J60: 0 | K60: 0 | L60: 0 | M60: 0 | N60: 0 | O60: 0 | P60: 0 | Q60: 0 | R60: 0 | S60: 0 | T60: 0
A61: SUBTOTAL | B61: PÚBLICA | C61: =SUM(C55:C60) | D61: =SUM(D55:D60) | E61: =SUM(E55:E60) | F61: =SUM(F55:F60) | G61: =SUM(G55:G60) | H61: =SUM(H55:H60) | I61: =SUM(I55:I60) | J61: =SUM(J55:J60) | ... T61: =SUM(T55:T60)
A62: PÚBLICO-PRIVADA | B62: 7ª Classe (Geral) | C62: =SUM(E62,G62,I62,K62,M62,O62,Q62,S62) | D62: =SUM(F62,H62,J62,L62,N62,P62,R62,T62) | E62: 0 | F62: 0 | G62: 0 | H62: 0 | I62: 0 | J62: 0 | K62: 0 | L62: 0 | M62: 0 | N62: 0 | O62: 0 | P62: 0 | Q62: 0 | R62: 0 | S62: 0 | T62: 0
B63: 8ª Classe (Geral) | C63: =SUM(E63,G63,I63,K63,M63,O63,Q63,S63) | D63: =SUM(F63,H63,J63,L63,N63,P63,R63,T63) | E63: 0 | F63: 0 | G63: 0 | H63: 0 | I63: 0 | J63: 0 | K63: 0 | L63: 0 | M63: 0 | N63: 0 | O63: 0 | P63: 0 | Q63: 0 | R63: 0 | S63: 0 | T63: 0
B64: 9ª Classe (Geral) | C64: =SUM(E64,G64,I64,K64,M64,O64,Q64,S64) | D64: =SUM(F64,H64,J64,L64,N64,P64,R64,T64) | E64: 0 | F64: 0 | G64: 0 | H64: 0 | I64: 0 | J64: 0 | K64: 0 | L64: 0 | M64: 0 | N64: 0 | O64: 0 | P64: 0 | Q64: 0 | R64: 0 | S64: 0 | T64: 0
B65: 7ª Classe (Técnico) | C65: =SUM(E65,G65,I65,K65,M65,O65,Q65,S65) | D65: =SUM(F65,H65,J65,L65,N65,P65,R65,T65) | E65: 0 | F65: 0 | G65: 0 | H65: 0 | I65: 0 | J65: 0 | K65: 0 | L65: 0 | M65: 0 | N65: 0 | O65: 0 | P65: 0 | Q65: 0 | R65: 0 | S65: 0 | T65: 0
B66: 8ª Classe (Técnico) | C66: =SUM(E66,G66,I66,K66,M66,O66,Q66,S66) | D66: =SUM(F66,H66,J66,L66,N66,P66,R66,T66) | E66: 0 | F66: 0 | G66: 0 | H66: 0 | I66: 0 | J66: 0 | K66: 0 | L66: 0 | M66: 0 | N66: 0 | O66: 0 | P66: 0 | Q66: 0 | R66: 0 | S66: 0 | T66: 0
B67: 9ª Classe (Técnico) | C67: =SUM(E67,G67,I67,K67,M67,O67,Q67,S67) | D67: =SUM(F67,H67,J67,L67,N67,P67,R67,T67) | E67: 0 | F67: 0 | G67: 0 | H67: 0 | I67: 0 | J67: 0 | K67: 0 | L67: 0 | M67: 0 | N67: 0 | O67: 0 | P67: 0 | Q67: 0 | R67: 0 | S67: 0 | T67: 0
A68: SUBTOTAL | B68: PÚBLICO-PRIVADA | C68: =SUM(C62:C67) | D68: =SUM(D62:D67) | E68: =SUM(E62:E67) | F68: =SUM(F62:F67) | G68: =SUM(G62:G67) | H68: =SUM(H62:H67) | I68: =SUM(I62:I67) | J68: =SUM(J62:J67) | ... T68: =SUM(T62:T67)
A69: PRIVADA | B69: 7ª Classe (Geral) | C69: =SUM(E69,G69,I69,K69,M69,O69,Q69,S69) | D69: =SUM(F69,H69,J69,L69,N69,P69,R69,T69) | E69: 0 | F69: 0 | G69: 0 | H69: 0 | I69: 0 | J69: 0 | K69: 0 | L69: 0 | M69: 0 | N69: 0 | O69: 0 | P69: 0 | Q69: 0 | R69: 0 | S69: 0 | T69: 0
B70: 8ª Classe (Geral) | C70: =SUM(E70,G70,I70,K70,M70,O70,Q70,S70) | D70: =SUM(F70,H70,J70,L70,N70,P70,R70,T70) | E70: 0 | F70: 0 | G70: 0 | H70: 0 | I70: 0 | J70: 0 | K70: 0 | L70: 0 | M70: 0 | N70: 0 | O70: 0 | P70: 0 | Q70: 0 | R70: 0 | S70: 0 | T70: 0
B71: 9ª Classe (Geral) | C71: =SUM(E71,G71,I71,K71,M71,O71,Q71,S71) | D71: =SUM(F71,H71,J71,L71,N71,P71,R71,T71) | E71: 0 | F71: 0 | G71: 0 | H71: 0 | I71: 0 | J71: 0 | K71: 0 | L71: 0 | M71: 0 | N71: 0 | O71: 0 | P71: 0 | Q71: 0 | R71: 0 | S71: 0 | T71: 0
B72: 7ª Classe (Técnico) | C72: =SUM(E72,G72,I72,K72,M72,O72,Q72,S72) | D72: =SUM(F72,H72,J72,L72,N72,P72,R72,T72) | E72: 0 | F72: 0 | G72: 0 | H72: 0 | I72: 0 | J72: 0 | K72: 0 | L72: 0 | M72: 0 | N72: 0 | O72: 0 | P72: 0 | Q72: 0 | R72: 0 | S72: 0 | T72: 0
B73: 8ª Classe (Técnico) | C73: =SUM(E73,G73,I73,K73,M73,O73,Q73,S73) | D73: =SUM(F73,H73,J73,L73,N73,P73,R73,T73) | E73: 0 | F73: 0 | G73: 0 | H73: 0 | I73: 0 | J73: 0 | K73: 0 | L73: 0 | M73: 0 | N73: 0 | O73: 0 | P73: 0 | Q73: 0 | R73: 0 | S73: 0 | T73: 0
B74: 9ª Classe (Técnico) | C74: =SUM(E74,G74,I74,K74,M74,O74,Q74,S74) | D74: =SUM(F74,H74,J74,L74,N74,P74,R74,T74) | E74: 0 | F74: 0 | G74: 0 | H74: 0 | I74: 0 | J74: 0 | K74: 0 | L74: 0 | M74: 0 | N74: 0 | O74: 0 | P74: 0 | Q74: 0 | R74: 0 | S74: 0 | T74: 0
A75: SUBTOTAL | B75: PRIVADA | C75: =SUM(C69:C74) | D75: =SUM(D69:D74) | E75: =SUM(E69:E74) | F75: =SUM(F69:F74) | G75: =SUM(G69:G74) | H75: =SUM(H69:H74) | I75: =SUM(I69:I74) | J75: =SUM(J69:J74) | ... T75: =SUM(T69:T74)
A76: TOTAL GERAL | B76: I CICLO | C76: =SUM(C61,C68,C75) | D76: =SUM(D61,D68,D75) | E76: =SUM(E61,E68,E75) | F76: =SUM(F61,F68,F75) | G76: =SUM(G61,G68,G75) | H76: =SUM(H61,H68,H75) | I76: =SUM(I61,I68,I75) | J76: =SUM(J61,J68,J75) | ... T76: =SUM(T61,T68,T75)
A78: TABELA 5.5 – Alunos Repetentes no Ensino Secundário do II Ciclo (Geral, Técnico e Formação)
A79: NATUREZA DE ENSINO | B79: CLASSE / SUBSISTEMA | C79: TOTAL REPETENTES | E79: Menos de 15 Anos | G79: 15 Anos | I79: 16 Anos | K79: 17 Anos | M79: 18 Anos | O79: 19 Anos | Q79: 20 Anos | S79: Mais de 20 Anos
C80: Total (MF) | D80: Total (F) | E80: MF | F80: F | G80: MF | H80: F | I80: MF | J80: F | K80: MF | L80: F | M80: MF | N80: F | O80: MF | P80: F | Q80: MF | R80: F | S80: MF | T80: F
A81: PÚBLICA | B81: 10ª Classe (Geral) | C81: =SUM(E81,G81,I81,K81,M81,O81,Q81,S81) | D81: =SUM(F81,H81,J81,L81,N81,P81,R81,T81) | E81: 0 | F81: 0 | G81: 0 | H81: 0 | I81: 0 | J81: 0 | K81: 0 | L81: 0 | M81: 0 | N81: 0 | O81: 0 | P81: 0 | Q81: 0 | R81: 0 | S81: 0 | T81: 0
B82: 11ª Classe (Geral) | C82: =SUM(E82,G82,I82,K82,M82,O82,Q82,S82) | D82: =SUM(F82,H82,J82,L82,N82,P82,R82,T82) | E82: 0 | F82: 0 | G82: 0 | H82: 0 | I82: 0 | J82: 0 | K82: 0 | L82: 0 | M82: 0 | N82: 0 | O82: 0 | P82: 0 | Q82: 0 | R82: 0 | S82: 0 | T82: 0
B83: 12ª Classe (Geral) | C83: =SUM(E83,G83,I83,K83,M83,O83,Q83,S83) | D83: =SUM(F83,H83,J83,L83,N83,P83,R83,T83) | E83: 0 | F83: 0 | G83: 0 | H83: 0 | I83: 0 | J83: 0 | K83: 0 | L83: 0 | M83: 0 | N83: 0 | O83: 0 | P83: 0 | Q83: 0 | R83: 0 | S83: 0 | T83: 0
B84: 10ª Classe (Técnico) | C84: =SUM(E84,G84,I84,K84,M84,O84,Q84,S84) | D84: =SUM(F84,H84,J84,L84,N84,P84,R84,T84) | E84: 0 | F84: 0 | G84: 0 | H84: 0 | I84: 0 | J84: 0 | K84: 0 | L84: 0 | M84: 0 | N84: 0 | O84: 0 | P84: 0 | Q84: 0 | R84: 0 | S84: 0 | T84: 0
B85: 11ª Classe (Técnico) | C85: =SUM(E85,G85,I85,K85,M85,O85,Q85,S85) | D85: =SUM(F85,H85,J85,L85,N85,P85,R85,T85) | E85: 0 | F85: 0 | G85: 0 | H85: 0 | I85: 0 | J85: 0 | K85: 0 | L85: 0 | M85: 0 | N85: 0 | O85: 0 | P85: 0 | Q85: 0 | R85: 0 | S85: 0 | T85: 0
B86: 12ª Classe (Técnico) | C86: =SUM(E86,G86,I86,K86,M86,O86,Q86,S86) | D86: =SUM(F86,H86,J86,L86,N86,P86,R86,T86) | E86: 0 | F86: 0 | G86: 0 | H86: 0 | I86: 0 | J86: 0 | K86: 0 | L86: 0 | M86: 0 | N86: 0 | O86: 0 | P86: 0 | Q86: 0 | R86: 0 | S86: 0 | T86: 0
B87: 13ª Classe (Técnico) | C87: =SUM(E87,G87,I87,K87,M87,O87,Q87,S87) | D87: =SUM(F87,H87,J87,L87,N87,P87,R87,T87) | E87: 0 | F87: 0 | G87: 0 | H87: 0 | I87: 0 | J87: 0 | K87: 0 | L87: 0 | M87: 0 | N87: 0 | O87: 0 | P87: 0 | Q87: 0 | R87: 0 | S87: 0 | T87: 0
B88: 10ª Classe (Magistério) | C88: =SUM(E88,G88,I88,K88,M88,O88,Q88,S88) | D88: =SUM(F88,H88,J88,L88,N88,P88,R88,T88) | E88: 0 | F88: 0 | G88: 0 | H88: 0 | I88: 0 | J88: 0 | K88: 0 | L88: 0 | M88: 0 | N88: 0 | O88: 0 | P88: 0 | Q88: 0 | R88: 0 | S88: 0 | T88: 0
B89: 11ª Classe (Magistério) | C89: =SUM(E89,G89,I89,K89,M89,O89,Q89,S89) | D89: =SUM(F89,H89,J89,L89,N89,P89,R89,T89) | E89: 0 | F89: 0 | G89: 0 | H89: 0 | I89: 0 | J89: 0 | K89: 0 | L89: 0 | M89: 0 | N89: 0 | O89: 0 | P89: 0 | Q89: 0 | R89: 0 | S89: 0 | T89: 0
B90: 12ª Classe (Magistério) | C90: =SUM(E90,G90,I90,K90,M90,O90,Q90,S90) | D90: =SUM(F90,H90,J90,L90,N90,P90,R90,T90) | E90: 0 | F90: 0 | G90: 0 | H90: 0 | I90: 0 | J90: 0 | K90: 0 | L90: 0 | M90: 0 | N90: 0 | O90: 0 | P90: 0 | Q90: 0 | R90: 0 | S90: 0 | T90: 0
B91: 13ª Classe (Magistério) | C91: =SUM(E91,G91,I91,K91,M91,O91,Q91,S91) | D91: =SUM(F91,H91,J91,L91,N91,P91,R91,T91) | E91: 0 | F91: 0 | G91: 0 | H91: 0 | I91: 0 | J91: 0 | K91: 0 | L91: 0 | M91: 0 | N91: 0 | O91: 0 | P91: 0 | Q91: 0 | R91: 0 | S91: 0 | T91: 0
A92: SUBTOTAL | B92: PÚBLICA | C92: =SUM(C81:C91) | D92: =SUM(D81:D91) | E92: =SUM(E81:E91) | F92: =SUM(F81:F91) | G92: =SUM(G81:G91) | H92: =SUM(H81:H91) | I92: =SUM(I81:I91) | J92: =SUM(J81:J91) | ... T92: =SUM(T81:T91)
A93: PÚBLICO-PRIVADA | B93: 10ª Classe (Geral) | C93: =SUM(E93,G93,I93,K93,M93,O93,Q93,S93) | D93: =SUM(F93,H93,J93,L93,N93,P93,R93,T93) | E93: 0 | F93: 0 | G93: 0 | H93: 0 | I93: 0 | J93: 0 | K93: 0 | L93: 0 | M93: 0 | N93: 0 | O93: 0 | P93: 0 | Q93: 0 | R93: 0 | S93: 0 | T93: 0
B94: 11ª Classe (Geral) | C94: =SUM(E94,G94,I94,K94,M94,O94,Q94,S94) | D94: =SUM(F94,H94,J94,L94,N94,P94,R94,T94) | E94: 0 | F94: 0 | G94: 0 | H94: 0 | I94: 0 | J94: 0 | K94: 0 | L94: 0 | M94: 0 | N94: 0 | O94: 0 | P94: 0 | Q94: 0 | R94: 0 | S94: 0 | T94: 0
B95: 12ª Classe (Geral) | C95: =SUM(E95,G95,I95,K95,M95,O95,Q95,S95) | D95: =SUM(F95,H95,J95,L95,N95,P95,R95,T95) | E95: 0 | F95: 0 | G95: 0 | H95: 0 | I95: 0 | J95: 0 | K95: 0 | L95: 0 | M95: 0 | N95: 0 | O95: 0 | P95: 0 | Q95: 0 | R95: 0 | S95: 0 | T95: 0
B96: 10ª Classe (Técnico) | C96: =SUM(E96,G96,I96,K96,M96,O96,Q96,S96) | D96: =SUM(F96,H96,J96,L96,N96,P96,R96,T96) | E96: 0 | F96: 0 | G96: 0 | H96: 0 | I96: 0 | J96: 0 | K96: 0 | L96: 0 | M96: 0 | N96: 0 | O96: 0 | P96: 0 | Q96: 0 | R96: 0 | S96: 0 | T96: 0
B97: 11ª Classe (Técnico) | C97: =SUM(E97,G97,I97,K97,M97,O97,Q97,S97) | D97: =SUM(F97,H97,J97,L97,N97,P97,R97,T97) | E97: 0 | F97: 0 | G97: 0 | H97: 0 | I97: 0 | J97: 0 | K97: 0 | L97: 0 | M97: 0 | N97: 0 | O97: 0 | P97: 0 | Q97: 0 | R97: 0 | S97: 0 | T97: 0
B98: 12ª Classe (Técnico) | C98: =SUM(E98,G98,I98,K98,M98,O98,Q98,S98) | D98: =SUM(F98,H98,J98,L98,N98,P98,R98,T98) | E98: 0 | F98: 0 | G98: 0 | H98: 0 | I98: 0 | J98: 0 | K98: 0 | L98: 0 | M98: 0 | N98: 0 | O98: 0 | P98: 0 | Q98: 0 | R98: 0 | S98: 0 | T98: 0
B99: 13ª Classe (Técnico) | C99: =SUM(E99,G99,I99,K99,M99,O99,Q99,S99) | D99: =SUM(F99,H99,J99,L99,N99,P99,R99,T99) | E99: 0 | F99: 0 | G99: 0 | H99: 0 | I99: 0 | J99: 0 | K99: 0 | L99: 0 | M99: 0 | N99: 0 | O99: 0 | P99: 0 | Q99: 0 | R99: 0 | S99: 0 | T99: 0
B100: 10ª Classe (Magistério) | C100: =SUM(E100,G100,I100,K100,M100,O100,Q100,S100) | D100: =SUM(F100,H100,J100,L100,N100,P100,R100,T100) | E100: 0 | F100: 0 | G100: 0 | H100: 0 | I100: 0 | J100: 0 | K100: 0 | L100: 0 | M100: 0 | N100: 0 | O100: 0 | P100: 0 | Q100: 0 | R100: 0 | S100: 0 | T100: 0
B101: 11ª Classe (Magistério) | C101: =SUM(E101,G101,I101,K101,M101,O101,Q101,S101) | D101: =SUM(F101,H101,J101,L101,N101,P101,R101,T101) | E101: 0 | F101: 0 | G101: 0 | H101: 0 | I101: 0 | J101: 0 | K101: 0 | L101: 0 | M101: 0 | N101: 0 | O101: 0 | P101: 0 | Q101: 0 | R101: 0 | S101: 0 | T101: 0
B102: 12ª Classe (Magistério) | C102: =SUM(E102,G102,I102,K102,M102,O102,Q102,S102) | D102: =SUM(F102,H102,J102,L102,N102,P102,R102,T102) | E102: 0 | F102: 0 | G102: 0 | H102: 0 | I102: 0 | J102: 0 | K102: 0 | L102: 0 | M102: 0 | N102: 0 | O102: 0 | P102: 0 | Q102: 0 | R102: 0 | S102: 0 | T102: 0
B103: 13ª Classe (Magistério) | C103: =SUM(E103,G103,I103,K103,M103,O103,Q103,S103) | D103: =SUM(F103,H103,J103,L103,N103,P103,R103,T103) | E103: 0 | F103: 0 | G103: 0 | H103: 0 | I103: 0 | J103: 0 | K103: 0 | L103: 0 | M103: 0 | N103: 0 | O103: 0 | P103: 0 | Q103: 0 | R103: 0 | S103: 0 | T103: 0
A104: SUBTOTAL | B104: PÚBLICO-PRIVADA | C104: =SUM(C93:C103) | D104: =SUM(D93:D103) | E104: =SUM(E93:E103) | F104: =SUM(F93:F103) | G104: =SUM(G93:G103) | H104: =SUM(H93:H103) | I104: =SUM(I93:I103) | J104: =SUM(J93:J103) | ... T104: =SUM(T93:T103)
A105: PRIVADA | B105: 10ª Classe (Geral) | C105: =SUM(E105,G105,I105,K105,M105,O105,Q105,S105) | D105: =SUM(F105,H105,J105,L105,N105,P105,R105,T105) | E105: 0 | F105: 0 | G105: 0 | H105: 0 | I105: 0 | J105: 0 | K105: 0 | L105: 0 | M105: 0 | N105: 0 | O105: 0 | P105: 0 | Q105: 0 | R105: 0 | S105: 0 | T105: 0
B106: 11ª Classe (Geral) | C106: =SUM(E106,G106,I106,K106,M106,O106,Q106,S106) | D106: =SUM(F106,H106,J106,L106,N106,P106,R106,T106) | E106: 0 | F106: 0 | G106: 0 | H106: 0 | I106: 0 | J106: 0 | K106: 0 | L106: 0 | M106: 0 | N106: 0 | O106: 0 | P106: 0 | Q106: 0 | R106: 0 | S106: 0 | T106: 0
...

Sheet 6 - NECESSIDADES EDUCATIVA ESPE
A2: SECÇÃO 6 - ALUNOS COM NECESSIDADES EDUCATIVAS ESPECIAIS (NEE)
A4: TABELA 6.1 – NEE na Classe de Iniciação
A5: NATUREZA DA ESCOLA | B5: NÍVEL / ETAPA | C5: TOTAL NEE | E5: Visual | G5: Auditiva | I5: Físico-Motora | K5: Intelectual | M5: Espectro Autista | O5: Outras NEE
C6: Total (MF) | D6: Total (F) | E6: MF | F6: F | G6: MF | H6: F | I6: MF | J6: F | K6: MF | L6: F | M6: MF | N6: F | O6: MF | P6: F
A7: PÚBLICA | B7: Iniciação | C7: =SUM(E7,G7,I7,K7,M7,O7) | D7: =SUM(F7,H7,J7,L7,N7,P7) | E7: 0 | F7: 0 | G7: 0 | H7: 0 | I7: 0 | J7: 0 | K7: 0 | L7: 0 | M7: 0 | N7: 0 | O7: 0 | P7: 0
A8: PÚBLICO-PRIVADA | B8: Iniciação | C8: =SUM(E8,G8,I8,K8,M8,O8) | D8: =SUM(F8,H8,J8,L8,N8,P8) | E8: 0 | F8: 0 | G8: 0 | H8: 0 | I8: 0 | J8: 0 | K8: 0 | L8: 0 | M8: 0 | N8: 0 | O8: 0 | P8: 0
A9: PRIVADA | B9: Iniciação | C9: =SUM(E9,G9,I9,K9,M9,O9) | D9: =SUM(F9,H9,J9,L9,N9,P9) | E9: 0 | F9: 0 | G9: 0 | H9: 0 | I9: 0 | J9: 0 | K9: 0 | L9: 0 | M9: 0 | N9: 0 | O9: 0 | P9: 0
A10: TOTAL | B10: Iniciação | C10: =SUM(C7:C9) | D10: =SUM(D7:D9) | E10: =SUM(E7:E9) | F10: =SUM(F7:F9) | G10: =SUM(G7:G9) | H10: =SUM(H7:H9) | I10: =SUM(I7:I9) | J10: =SUM(J7:J9) | ... P10: =SUM(P7:P9)
A13: TABELA 6.2 – NEE no Ensino Primário Regular
A14: NATUREZA DA ESCOLA | B14: NÍVEL / ETAPA | C14: TOTAL NEE | E14: Visual | G14: Auditiva | I14: Físico-Motora | K14: Intelectual | M14: Espectro Autista | O14: Outras NEE
C15: Total (MF) | D15: Total (F) | E15: MF | F15: F | G15: MF | H15: F | I15: MF | J15: F | K15: MF | L15: F | M15: MF | N15: F | O15: MF | P15: F
A16: PÚBLICA | B16: Ensino Primário | C16: =SUM(E16,G16,I16,K16,M16,O16) | D16: =SUM(F16,H16,J16,L16,N16,P16) | E16: 0 | F16: 0 | G16: 0 | H16: 0 | I16: 0 | J16: 0 | K16: 0 | L16: 0 | M16: 0 | N16: 0 | O16: 0 | P16: 0
A17: PÚBLICO-PRIVADA | B17: Ensino Primário | C17: =SUM(E17,G17,I17,K17,M17,O17) | D17: =SUM(F17,H17,J17,L17,N17,P17) | E17: 0 | F17: 0 | G17: 0 | H17: 0 | I17: 0 | J17: 0 | K17: 0 | L17: 0 | M17: 0 | N17: 0 | O17: 0 | P17: 0
A18: PRIVADA | B18: Ensino Primário | C18: =SUM(E18,G18,I18,K18,M18,O18) | D18: =SUM(F18,H18,J18,L18,N18,P18) | E18: 0 | F18: 0 | G18: 0 | H18: 0 | I18: 0 | J18: 0 | K18: 0 | L18: 0 | M18: 0 | N18: 0 | O18: 0 | P18: 0
A19: TOTAL | B19: Ensino Primário | C19: =SUM(C16:C18) | D19: =SUM(D16:D18) | E19: =SUM(E16:E18) | F19: =SUM(F16:F18) | G19: =SUM(G16:G18) | H19: =SUM(H16:H18) | I19: =SUM(I16:I18) | J19: =SUM(J16:J18) | ... P19: =SUM(P16:P18)
A22: TABELA 6.3 – NEE no PRAEER
A23: NATUREZA DA ESCOLA | B23: NÍVEL / ETAPA | C23: TOTAL NEE | E23: Visual | G23: Auditiva | I23: Físico-Motora | K23: Intelectual | M23: Espectro Autista | O23: Outras NEE
C24: Total (MF) | D24: Total (F) | E24: MF | F24: F | G24: MF | H24: F | I24: MF | J24: F | K24: MF | L24: F | M24: MF | N24: F | O24: MF | P24: F
A25: PÚBLICA | B25: PRAEER | C25: =SUM(E25,G25,I25,K25,M25,O25) | D25: =SUM(F25,H25,J25,L25,N25,P25) | E25: 0 | F25: 0 | G25: 0 | H25: 0 | I25: 0 | J25: 0 | K25: 0 | L25: 0 | M25: 0 | N25: 0 | O25: 0 | P25: 0
A26: PÚBLICO-PRIVADA | B26: PRAEER | C26: =SUM(E26,G26,I26,K26,M26,O26) | D26: =SUM(F26,H26,J26,L26,N26,P26) | E26: 0 | F26: 0 | G26: 0 | H26: 0 | I26: 0 | J26: 0 | K26: 0 | L26: 0 | M26: 0 | N26: 0 | O26: 0 | P26: 0
A27: PRIVADA | B27: PRAEER | C27: =SUM(E27,G27,I27,K27,M27,O27) | D27: =SUM(F27,H27,J27,L27,N27,P27) | E27: 0 | F27: 0 | G27: 0 | H27: 0 | I27: 0 | J27: 0 | K27: 0 | L27: 0 | M27: 0 | N27: 0 | O27: 0 | P27: 0
A28: TOTAL | B28: PRAEER | C28: =SUM(C25:C27) | D28: =SUM(D25:D27) | E28: =SUM(E25:E27) | F28: =SUM(F25:F27) | G28: =SUM(G25:G27) | H28: =SUM(H25:H27) | I28: =SUM(I25:I27) | J28: =SUM(J25:J27) | ... P28: =SUM(P25:P27)
A31: TABELA 6.4 – NEE na EJA - Ensino Primário
A32: NATUREZA DA ESCOLA | B32: NÍVEL / ETAPA | C32: TOTAL NEE | E32: Visual | G32: Auditiva | I32: Físico-Motora | K32: Intelectual | M32: Espectro Autista | O32: Outras NEE
C33: Total (MF) | D33: Total (F) | E33: MF | F33: F | G33: MF | H33: F | I33: MF | J33: F | K33: MF | L33: F | M33: MF | N33: F | O33: MF | P33: F
A34: PÚBLICA | B34: EJA Primário | C34: =SUM(E34,G34,I34,K34,M34,O34) | D34: =SUM(F34,H34,J34,L34,N34,P34) | E34: 0 | F34: 0 | G34: 0 | H34: 0 | I34: 0 | J34: 0 | K34: 0 | L34: 0 | M34: 0 | N34: 0 | O34: 0 | P34: 0
A35: PÚBLICO-PRIVADA | B35: EJA Primário | C35: =SUM(E35,G35,I35,K35,M35,O35) | D35: =SUM(F35,H35,J35,L35,N35,P35) | E35: 0 | F35: 0 | G35: 0 | H35: 0 | I35: 0 | J35: 0 | K35: 0 | L35: 0 | M35: 0 | N35: 0 | O35: 0 | P35: 0
A36: PRIVADA | B36: EJA Primário | C36: =SUM(E36,G36,I36,K36,M36,O36) | D36: =SUM(F36,H36,J36,L36,N36,P36) | E36: 0 | F36: 0 | G36: 0 | H36: 0 | I36: 0 | J36: 0 | K36: 0 | L36: 0 | M36: 0 | N36: 0 | O36: 0 | P36: 0
A37: TOTAL | B37: EJA Primário | C37: =SUM(C34:C36) | D37: =SUM(D34:D36) | E37: =SUM(E34:E36) | F37: =SUM(F34:F36) | G37: =SUM(G34:G36) | H37: =SUM(H34:H36) | I37: =SUM(I34:I36) | J37: =SUM(J34:J36) | ... P37: =SUM(P34:P36)
A40: TABELA 6.5 – NEE no I Ciclo Geral Regular
A41: NATUREZA DA ESCOLA | B41: NÍVEL / ETAPA | C41: TOTAL NEE | E41: Visual | G41: Auditiva | I41: Físico-Motora | K41: Intelectual | M41: Espectro Autista | O41: Outras NEE
C42: Total (MF) | D42: Total (F) | E42: MF | F42: F | G42: MF | H42: F | I42: MF | J42: F | K42: MF | L42: F | M42: MF | N42: F | O42: MF | P42: F
A43: PÚBLICA | B43: I Ciclo Geral | C43: =SUM(E43,G43,I43,K43,M43,O43) | D43: =SUM(F43,H43,J43,L43,N43,P43) | E43: 0 | F43: 0 | G43: 0 | H43: 0 | I43: 0 | J43: 0 | K43: 0 | L43: 0 | M43: 0 | N43: 0 | O43: 0 | P43: 0
A44: PÚBLICO-PRIVADA | B44: I Ciclo Geral | C44: =SUM(E44,G44,I44,K44,M44,O44) | D44: =SUM(F44,H44,J44,L44,N44,P44) | E44: 0 | F44: 0 | G44: 0 | H44: 0 | I44: 0 | J44: 0 | K44: 0 | L44: 0 | M44: 0 | N44: 0 | O44: 0 | P44: 0
A45: PRIVADA | B45: I Ciclo Geral | C45: =SUM(E45,G45,I45,K45,M45,O45) | D45: =SUM(F45,H45,J45,L45,N45,P45) | E45: 0 | F45: 0 | G45: 0 | H45: 0 | I45: 0 | J45: 0 | K45: 0 | L45: 0 | M45: 0 | N45: 0 | O45: 0 | P45: 0
A46: TOTAL | B46: I Ciclo Geral | C46: =SUM(C43:C45) | D46: =SUM(D43:D45) | E46: =SUM(E43:E45) | F46: =SUM(F43:F45) | G46: =SUM(G43:G45) | H46: =SUM(H43:H45) | I46: =SUM(I43:I45) | J46: =SUM(J43:J45) | ... P46: =SUM(P43:P45)
A49: TABELA 6.6 – NEE no I Ciclo Técnico-Profissional
A50: NATUREZA DA ESCOLA | B50: NÍVEL / ETAPA | C50: TOTAL NEE | E50: Visual | G50: Auditiva | I50: Físico-Motora | K50: Intelectual | M50: Espectro Autista | O50: Outras NEE
C51: Total (MF) | D51: Total (F) | E51: MF | F51: F | G51: MF | H51: F | I51: MF | J51: F | K51: MF | L51: F | M51: MF | N51: F | O51: MF | P51: F
A52: PÚBLICA | B52: I Ciclo Técnico | C52: =SUM(E52,G52,I52,K52,M52,O52) | D52: =SUM(F52,H52,J52,L52,N52,P52) | E52: 0 | F52: 0 | G52: 0 | H52: 0 | I52: 0 | J52: 0 | K52: 0 | L52: 0 | M52: 0 | N52: 0 | O52: 0 | P52: 0
A53: PÚBLICO-PRIVADA | B53: I Ciclo Técnico | C53: =SUM(E53,G53,I53,K53,M53,O53) | D53: =SUM(F53,H53,J53,L53,N53,P53) | E53: 0 | F53: 0 | G53: 0 | H53: 0 | I53: 0 | J53: 0 | K53: 0 | L53: 0 | M53: 0 | N53: 0 | O53: 0 | P53: 0
A54: PRIVADA | B54: I Ciclo Técnico | C54: =SUM(E54,G54,I54,K54,M54,O54) | D54: =SUM(F54,H54,J54,L54,N54,P54) | E54: 0 | F54: 0 | G54: 0 | H54: 0 | I54: 0 | J54: 0 | K54: 0 | L54: 0 | M54: 0 | N54: 0 | O54: 0 | P54: 0
A55: TOTAL | B55: I Ciclo Técnico | C55: =SUM(C52:C54) | D55: =SUM(D52:D54) | E55: =SUM(E52:E54) | F55: =SUM(F52:F54) | G55: =SUM(G52:G54) | H55: =SUM(H52:H54) | I55: =SUM(I52:I54) | J55: =SUM(J52:J54) | ... P55: =SUM(P52:P54)
A58: TABELA 6.7 – NEE no I Ciclo EJA
A59: NATUREZA DA ESCOLA | B59: NÍVEL / ETAPA | C59: TOTAL NEE | E59: Visual | G59: Auditiva | I59: Físico-Motora | K59: Intelectual | M59: Espectro Autista | O59: Outras NEE
C60: Total (MF) | D60: Total (F) | E60: MF | F60: F | G60: MF | H60: F | I60: MF | J60: F | K60: MF | L60: F | M60: MF | N60: F | O60: MF | P60: F
A61: PÚBLICA | B61: I Ciclo EJA | C61: =SUM(E61,G61,I61,K61,M61,O61) | D61: =SUM(F61,H61,J61,L61,N61,P61) | E61: 0 | F61: 0 | G61: 0 | H61: 0 | I61: 0 | J61: 0 | K61: 0 | L61: 0 | M61: 0 | N61: 0 | O61: 0 | P61: 0
A62: PÚBLICO-PRIVADA | B62: I Ciclo EJA | C62: =SUM(E62,G62,I62,K62,M62,O62) | D62: =SUM(F62,H62,J62,L62,N62,P62) | E62: 0 | F62: 0 | G62: 0 | H62: 0 | I62: 0 | J62: 0 | K62: 0 | L62: 0 | M62: 0 | N62: 0 | O62: 0 | P62: 0
A63: PRIVADA | B63: I Ciclo EJA | C63: =SUM(E63,G63,I63,K63,M63,O63) | D63: =SUM(F63,H63,J63,L63,N63,P63) | E63: 0 | F63: 0 | G63: 0 | H63: 0 | I63: 0 | J63: 0 | K63: 0 | L63: 0 | M63: 0 | N63: 0 | O63: 0 | P63: 0
A64: TOTAL | B64: I Ciclo EJA | C64: =SUM(C61:C63) | D64: =SUM(D61:D63) | E64: =SUM(E61:E63) | F64: =SUM(F61:F63) | G64: =SUM(G61:G63) | H64: =SUM(H61:H63) | I64: =SUM(I61:I63) | J64: =SUM(J61:J63) | ... P64: =SUM(P61:P63)
A67: TABELA 6.8 – NEE no II Ciclo Geral
A68: NATUREZA DA ESCOLA | B68: NÍVEL / ETAPA | C68: TOTAL NEE | E68: Visual | G68: Auditiva | I68: Físico-Motora | K68: Intelectual | M68: Espectro Autista | O68: Outras NEE
C69: Total (MF) | D69: Total (F) | E69: MF | F69: F | G69: MF | H69: F | I69: MF | J69: F | K69: MF | L69: F | M69: MF | N69: F | O69: MF | P69: F
A70: PÚBLICA | B70: II Ciclo Geral | C70: =SUM(E70,G70,I70,K70,M70,O70) | D70: =SUM(F70,H70,J70,L70,N70,P70) | E70: 0 | F70: 0 | G70: 0 | H70: 0 | I70: 0 | J70: 0 | K70: 0 | L70: 0 | M70: 0 | N70: 0 | O70: 0 | P70: 0
A71: PÚBLICO-PRIVADA | B71: II Ciclo Geral | C71: =SUM(E71,G71,I71,K71,M71,O71) | D71: =SUM(F71,H71,J71,L71,N71,P71) | E71: 0 | F71: 0 | G71: 0 | H71: 0 | I71: 0 | J71: 0 | K71: 0 | L71: 0 | M71: 0 | N71: 0 | O71: 0 | P71: 0
A72: PRIVADA | B72: II Ciclo Geral | C72: =SUM(E72,G72,I72,K72,M72,O72) | D72: =SUM(F72,H72,J72,L72,N72,P72) | E72: 0 | F72: 0 | G72: 0 | H72: 0 | I72: 0 | J72: 0 | K72: 0 | L72: 0 | M72: 0 | N72: 0 | O72: 0 | P72: 0
A73: TOTAL | B73: II Ciclo Geral | C73: =SUM(C70:C72) | D73: =SUM(D70:D72) | E73: =SUM(E70:E72) | F73: =SUM(F70:F72) | G73: =SUM(G70:G72) | H73: =SUM(H70:H72) | I73: =SUM(I70:I72) | J73: =SUM(J70:J72) | ... P73: =SUM(P70:P72)
A76: TABELA 6.9 – NEE no II Ciclo Técnico-Profissional
A77: NATUREZA DA ESCOLA | B77: NÍVEL / ETAPA | C77: TOTAL NEE | E77: Visual | G77: Auditiva | I77: Físico-Motora | K77: Intelectual | M77: Espectro Autista | O77: Outras NEE
C78: Total (MF) | D78: Total (F) | E78: MF | F78: F | G78: MF | H78: F | I78: MF | J78: F | K78: MF | L78: F | M78: MF | N78: F | O78: MF | P78: F
A79: PÚBLICA | B79: II Ciclo Técnico | C79: =SUM(E79,G79,I79,K79,M79,O79) | D79: =SUM(F79,H79,J79,L79,N79,P79) | E79: 0 | F79: 0 | G79: 0 | H79: 0 | I79: 0 | J79: 0 | K79: 0 | L79: 0 | M79: 0 | N79: 0 | O79: 0 | P79: 0
A80: PÚBLICO-PRIVADA | B80: II Ciclo Técnico | C80: =SUM(E80,G80,I80,K80,M80,O80) | D80: =SUM(F80,H80,J80,L80,N80,P80) | E80: 0 | F80: 0 | G80: 0 | H80: 0 | I80: 0 | J80: 0 | K80: 0 | L80: 0 | M80: 0 | N80: 0 | O80: 0 | P80: 0
A81: PRIVADA | B81: II Ciclo Técnico | C81: =SUM(E81,G81,I81,K81,M81,O81) | D81: =SUM(F81,H81,J81,L81,N81,P81) | E81: 0 | F81: 0 | G81: 0 | H81: 0 | I81: 0 | J81: 0 | K81: 0 | L81: 0 | M81: 0 | N81: 0 | O81: 0 | P81: 0
A82: TOTAL | B82: II Ciclo Técnico | C82: =SUM(C79:C81) | D82: =SUM(D79:D81) | E82: =SUM(E79:E81) | F82: =SUM(F79:F81) | G82: =SUM(G79:G81) | H82: =SUM(H79:H81) | I82: =SUM(I79:I81) | J82: =SUM(J79:J81) | ... P82: =SUM(P79:P81)
A85: TABELA 6.10 – NEE no II Ciclo Formação de Professores
A86: NATUREZA DA ESCOLA | B86: NÍVEL / ETAPA | C86: TOTAL NEE | E86: Visual | G86: Auditiva | I86: Físico-Motora | K86: Intelectual | M86: Espectro Autista | O86: Outras NEE
C87: Total (MF) | D87: Total (F) | E87: MF | F87: F | G87: MF | H87: F | I87: MF | J87: F | K87: MF | L87: F | M87: MF | N87: F | O87: MF | P87: F
A88: PÚBLICA | B88: II Ciclo Magistério | C88: =SUM(E88,G88,I88,K88,M88,O88) | D88: =SUM(F88,H88,J88,L88,N88,P88) | E88: 0 | F88: 0 | G88: 0 | H88: 0 | I88: 0 | J88: 0 | K88: 0 | L88: 0 | M88: 0 | N88: 0 | O88: 0 | P88: 0
A89: PÚBLICO-PRIVADA | B89: II Ciclo Magistério | C89: =SUM(E89,G89,I89,K89,M89,O89) | D89: =SUM(F89,H89,J89,L89,N89,P89) | E89: 0 | F89: 0 | G89: 0 | H89: 0 | I89: 0 | J89: 0 | K89: 0 | L89: 0 | M89: 0 | N89: 0 | O89: 0 | P89: 0
A90: PRIVADA | B90: II Ciclo Magistério | C90: =SUM(E90,G90,I90,K90,M90,O90) | D90: =SUM(F90,H90,J90,L90,N90,P90) | E90: 0 | F90: 0 | G90: 0 | H90: 0 | I90: 0 | J90: 0 | K90: 0 | L90: 0 | M90: 0 | N90: 0 | O90: 0 | P90: 0
A91: TOTAL | B91: II Ciclo Magistério | C91: =SUM(C88:C90) | D91: =SUM(D88:D90) | E91: =SUM(E88:E90) | F91: =SUM(F88:F90) | G91: =SUM(G88:G90) | H91: =SUM(H88:H90) | I91: =SUM(I88:I90) | J91: =SUM(J88:J90) | ... P91: =SUM(P88:P90)
A94: CONSOLIDADO GERAL DE ALUNOS COM NEE
A95: SUBSISTEMA / NÍVEL | B95: DISCRIMINAÇÃO | C95: TOTAL NEE (MF) | D95: TOTAL NEE (F)
A96: Iniciação | B96: Total Consolidado | C96: =C10 | D96: =D10
A97: Ensino Primário | B97: Total Consolidado | C97: =C19 | D97: =D19
A98: PRAEER | B98: Total Consolidado | C98: =C28 | D98: =D28
A99: EJA Primário | B99: Total Consolidado | C99: =C37 | D99: =D37
A100: I Ciclo Geral | B100: Total Consolidado | C100: =C46 | D100: =D46
A101: I Ciclo Técnico | B101: Total Consolidado | C101: =C55 | D101: =D55
A102: I Ciclo EJA | B102: Total Consolidado | C102: =C64 | D102: =D64
A103: II Ciclo Geral | B103: Total Consolidado | C103: =C73 | D103: =D73
A104: II Ciclo Técnico | B104: Total Consolidado | C104: =C82 | D104: =D82
A105: II Ciclo Magistério | B105: Total Consolidado | C105: =C91 | D105: =D91
A106: TOTAL GERAL NEE | B106: TODOS OS NÍVEIS | C106: =SUM(C96:C105) | D106: =SUM(D96:D105)

Sheet 7 - PESSOAL_NAO_DOCENTE
A2: SECÇÃO 7 - DADOS ESTATÍSTICOS SOBRE PESSOAL NÃO DOCENTE, ADMINISTRATIVO E AUXILIAR
A4: TABELA 7.1 – Pessoal nas Creches, Jardins de Infância e Centros Infantis
A5: ESTABELECIMENTO | B5: NATUREZA | C5: TOTAL GERAL | E5: Educadores de Infância | G5: Auxiliares de Acção Educativa | I5: Secretárias | K5: Auxiliares de Limpeza | M5: Guardas | O5: Vigilantes de Saúde / Outros
C6: Total (MF) | D6: Total (F) | E6: MF | F6: F | G6: MF | H6: F | I6: MF | J6: F | K6: MF | L6: F | M6: MF | N6: F | O6: MF | P6: F
A7: Centros Infantis e Jardins | B7: PÚBLICA | C7: =SUM(E7,G7,I7,K7,M7,O7) | D7: =SUM(F7,H7,J7,L7,N7,P7) | E7: 0 | F7: 0 | G7: 0 | H7: 0 | I7: 0 | J7: 0 | K7: 0 | L7: 0 | M7: 0 | N7: 0 | O7: 0 | P7: 0
B8: PÚBLICO-PRIVADA | C8: =SUM(E8,G8,I8,K8,M8,O8) | D8: =SUM(F8,H8,J8,L8,N8,P8) | E8: 0 | F8: 0 | G8: 0 | H8: 0 | I8: 0 | J8: 0 | K8: 0 | L8: 0 | M8: 0 | N8: 0 | O8: 0 | P8: 0
B9: PRIVADA | C9: =SUM(E9,G9,I9,K9,M9,O9) | D9: =SUM(F9,H9,J9,L9,N9,P9) | E9: 0 | F9: 0 | G9: 0 | H9: 0 | I9: 0 | J9: 0 | K9: 0 | L9: 0 | M9: 0 | N9: 0 | O9: 0 | P9: 0
A10: TOTAL | B10: PRÉ-ESCOLAR | C10: =SUM(C7:C9) | D10: =SUM(D7:D9) | E10: =SUM(E7:E9) | F10: =SUM(F7:F9) | G10: =SUM(G7:G9) | H10: =SUM(H7:H9) | I10: =SUM(I7:I9) | J10: =SUM(J7:J9) | ... P10: =SUM(P7:P9)
A13: TABELA 7.2 – Pessoal Administrativo e Auxiliar por Tipo de Escola e Natureza
A14: TIPO DE ESCOLA | B14: NATUREZA | C14: TOTAL PESSOAL | E14: Docentes Administrativos | G14: Técnicos Administrativos / Secretárias | I14: Guardas / Segurança | K14: Pessoal de Limpeza | M14: Outros Auxiliares
C15: Total (MF) | D15: Total (F) | E15: MF | F15: F | G15: MF | H15: F | I15: MF | J15: F | K15: MF | L15: F | M15: MF | N15: F
A16: Escolas Primárias | B16: PÚBLICA | C16: =SUM(E16,G16,I16,K16,M16) | D16: =SUM(F16,H16,J16,L16,N16) | E16: 0 | F16: 0 | G16: 0 | H16: 0 | I16: 0 | J16: 0 | K16: 0 | L16: 0 | M16: 0 | N16: 0
B17: PÚBLICO-PRIVADA | C17: =SUM(E17,G17,I17,K17,M17) | D17: =SUM(F17,H17,J17,L17,N17) | E17: 0 | F17: 0 | G17: 0 | H17: 0 | I17: 0 | J17: 0 | K17: 0 | L17: 0 | M17: 0 | N17: 0
B18: PRIVADA | C18: =SUM(E18,G18,I18,K18,M18) | D18: =SUM(F18,H18,J18,L18,N18) | E18: 0 | F18: 0 | G18: 0 | H18: 0 | I18: 0 | J18: 0 | K18: 0 | L18: 0 | M18: 0 | N18: 0
A19: SUBTOTAL | B19: Escolas Primárias | C19: =SUM(C16:C18) | D19: =SUM(D16:D18) | E19: =SUM(E16:E18) | F19: =SUM(F16:F18) | G19: =SUM(G16:G18) | H19: =SUM(H16:H18) | I19: =SUM(I16:I18) | J19: =SUM(J16:J18) | ... N19: =SUM(N16:N18)
A20: Colégios | B20: PÚBLICA | C20: =SUM(E20,G20,I20,K20,M20) | D20: =SUM(F20,H20,J20,L20,N20) | E20: 0 | F20: 0 | G20: 0 | H20: 0 | I20: 0 | J20: 0 | K20: 0 | L20: 0 | M20: 0 | N20: 0
B21: PÚBLICO-PRIVADA | C21: =SUM(E21,G21,I21,K21,M21) | D21: =SUM(F21,H21,J21,L21,N21) | E21: 0 | F21: 0 | G21: 0 | H21: 0 | I21: 0 | J21: 0 | K21: 0 | L21: 0 | M21: 0 | N21: 0
B22: PRIVADA | C22: =SUM(E22,G22,I22,K22,M22) | D22: =SUM(F22,H22,J22,L22,N22) | E22: 0 | F22: 0 | G22: 0 | H22: 0 | I22: 0 | J22: 0 | K22: 0 | L22: 0 | M22: 0 | N22: 0
A23: SUBTOTAL | B23: Colégios | C23: =SUM(C20:C22) | D23: =SUM(D20:D22) | E23: =SUM(E20:E22) | F23: =SUM(F20:F22) | G23: =SUM(G20:G22) | H23: =SUM(H20:H22) | I23: =SUM(I20:I22) | J23: =SUM(J20:J22) | ... N23: =SUM(N20:N22)
A24: Escolas Técnicas | B24: PÚBLICA | C24: =SUM(E24,G24,I24,K24,M24) | D24: =SUM(F24,H24,J24,L24,N24) | E24: 0 | F24: 0 | G24: 0 | H24: 0 | I24: 0 | J24: 0 | K24: 0 | L24: 0 | M24: 0 | N24: 0
B25: PÚBLICO-PRIVADA | C25: =SUM(E25,G25,I25,K25,M25) | D25: =SUM(F25,H25,J25,L25,N25) | E25: 0 | F25: 0 | G25: 0 | H25: 0 | I25: 0 | J25: 0 | K25: 0 | L25: 0 | M25: 0 | N25: 0
B26: PRIVADA | C26: =SUM(E26,G26,I26,K26,M26) | D26: =SUM(F26,H26,J26,L26,N26) | E26: 0 | F26: 0 | G26: 0 | H26: 0 | I26: 0 | J26: 0 | K26: 0 | L26: 0 | M26: 0 | N26: 0
A27: SUBTOTAL | B27: Escolas Técnicas | C27: =SUM(C24:C26) | D27: =SUM(D24:D26) | E27: =SUM(E24:E26) | F27: =SUM(F24:F26) | G27: =SUM(G24:G26) | H27: =SUM(H24:H26) | I27: =SUM(I24:I26) | J27: =SUM(J24:J26) | ... N27: =SUM(N24:N26)
A28: Liceus | B28: PÚBLICA | C28: =SUM(E28,G28,I28,K28,M28) | D28: =SUM(F28,H28,J28,L28,N28) | E28: 0 | F28: 0 | G28: 0 | H28: 0 | I28: 0 | J28: 0 | K28: 0 | L28: 0 | M28: 0 | N28: 0
B29: PÚBLICO-PRIVADA | C29: =SUM(E29,G29,I29,K29,M29) | D29: =SUM(F29,H29,J29,L29,N29) | E29: 0 | F29: 0 | G29: 0 | H29: 0 | I29: 0 | J29: 0 | K29: 0 | L29: 0 | M29: 0 | N29: 0
B30: PRIVADA | C30: =SUM(E30,G30,I30,K30,M30) | D30: =SUM(F30,H30,J30,L30,N30) | E30: 0 | F30: 0 | G30: 0 | H30: 0 | I30: 0 | J30: 0 | K30: 0 | L30: 0 | M30: 0 | N30: 0
A31: SUBTOTAL | B31: Liceus | C31: =SUM(C28:C30) | D31: =SUM(D28:D30) | E31: =SUM(E28:E30) | F31: =SUM(F28:F30) | G31: =SUM(G28:G30) | H31: =SUM(H28:H30) | I31: =SUM(I28:I30) | J31: =SUM(J28:J30) | ... N31: =SUM(N28:N30)
A32: Institutos Politécnicos | B32: PÚBLICA | C32: =SUM(E32,G32,I32,K32,M32) | D32: =SUM(F32,H32,J32,L32,N32) | E32: 0 | F32: 0 | G32: 0 | H32: 0 | I32: 0 | J32: 0 | K32: 0 | L32: 0 | M32: 0 | N32: 0
B33: PÚBLICO-PRIVADA | C33: =SUM(E33,G33,I33,K33,M33) | D33: =SUM(F33,H33,J33,L33,N33) | E33: 0 | F33: 0 | G33: 0 | H33: 0 | I33: 0 | J33: 0 | K33: 0 | L33: 0 | M33: 0 | N33: 0
B34: PRIVADA | C34: =SUM(E34,G34,I34,K34,M34) | D34: =SUM(F34,H34,J34,L34,N34) | E34: 0 | F34: 0 | G34: 0 | H34: 0 | I34: 0 | J34: 0 | K34: 0 | L34: 0 | M34: 0 | N34: 0
A35: SUBTOTAL | B35: Institutos Politécnicos | C35: =SUM(C32:C34) | D35: =SUM(D32:D34) | E35: =SUM(E32:E34) | F35: =SUM(F32:F34) | G35: =SUM(G32:G34) | H35: =SUM(H32:H34) | I35: =SUM(I32:I34) | J35: =SUM(J32:J34) | ... N35: =SUM(N32:N34)
A36: Magistérios | B36: PÚBLICA | C36: =SUM(E36,G36,I36,K36,M36) | D36: =SUM(F36,H36,J36,L36,N36) | E36: 0 | F36: 0 | G36: 0 | H36: 0 | I36: 0 | J36: 0 | K36: 0 | L36: 0 | M36: 0 | N36: 0
B37: PÚBLICO-PRIVADA | C37: =SUM(E37,G37,I37,K37,M37) | D37: =SUM(F37,H37,J37,L37,N37) | E37: 0 | F37: 0 | G37: 0 | H37: 0 | I37: 0 | J37: 0 | K37: 0 | L37: 0 | M37: 0 | N37: 0
B38: PRIVADA | C38: =SUM(E38,G38,I38,K38,M38) | D38: =SUM(F38,H38,J38,L38,N38) | E38: 0 | F38: 0 | G38: 0 | H38: 0 | I38: 0 | J38: 0 | K38: 0 | L38: 0 | M38: 0 | N38: 0
A39: SUBTOTAL | B39: Magistérios | C39: =SUM(C36:C38) | D39: =SUM(D36:D38) | E39: =SUM(E36:E38) | F39: =SUM(F36:F38) | G39: =SUM(G36:G38) | H39: =SUM(H36:H38) | I39: =SUM(I36:I38) | J39: =SUM(J36:J38) | ... N39: =SUM(N36:N38)
A40: Complexos Escolares | B40: PÚBLICA | C40: =SUM(E40,G40,I40,K40,M40) | D40: =SUM(F40,H40,J40,L40,N40) | E40: 0 | F40: 0 | G40: 0 | H40: 0 | I40: 0 | J40: 0 | K40: 0 | L40: 0 | M40: 0 | N40: 0
B41: PÚBLICO-PRIVADA | C41: =SUM(E41,G41,I41,K41,M41) | D41: =SUM(F41,H41,J41,L41,N41) | E41: 0 | F41: 0 | G41: 0 | H41: 0 | I41: 0 | J41: 0 | K41: 0 | L41: 0 | M41: 0 | N41: 0
B42: PRIVADA | C42: =SUM(E42,G42,I42,K42,M42) | D42: =SUM(F42,H42,J42,L42,N42) | E42: 0 | F42: 0 | G42: 0 | H42: 0 | I42: 0 | J42: 0 | K42: 0 | L42: 0 | M42: 0 | N42: 0
A43: SUBTOTAL | B43: Complexos Escolares | C43: =SUM(C40:C42) | D43: =SUM(D40:D42) | E43: =SUM(E40:E42) | F43: =SUM(F40:F42) | G43: =SUM(G40:G42) | H43: =SUM(H40:H42) | I43: =SUM(I40:I42) | J43: =SUM(J40:J42) | ... N43: =SUM(N40:N42)
A44: Escolas Específicas de Educação Especial | B44: PÚBLICA | C44: =SUM(E44,G44,I44,K44,M44) | D44: =SUM(F44,H44,J44,L44,N44) | E44: 0 | F44: 0 | G44: 0 | H44: 0 | I44: 0 | J44: 0 | K44: 0 | L44: 0 | M44: 0 | N44: 0
B45: PÚBLICO-PRIVADA | C45: =SUM(E45,G45,I45,K45,M45) | D45: =SUM(F45,H45,J45,L45,N45) | E45: 0 | F45: 0 | G45: 0 | H45: 0 | I45: 0 | J45: 0 | K45: 0 | L45: 0 | M45: 0 | N45: 0
B46: PRIVADA | C46: =SUM(E46,G46,I46,K46,M46) | D46: =SUM(F46,H46,J46,L46,N46) | E46: 0 | F46: 0 | G46: 0 | H46: 0 | I46: 0 | J46: 0 | K46: 0 | L46: 0 | M46: 0 | N46: 0
A47: SUBTOTAL | B47: Escolas Específicas de Educação Especial | C47: =SUM(C44:C46) | D47: =SUM(D44:D46) | E47: =SUM(E44:E46) | F47: =SUM(F44:F46) | G47: =SUM(G44:G46) | H47: =SUM(H44:H46) | I47: =SUM(I44:I46) | J47: =SUM(J44:J46) | ... N47: =SUM(N44:N46)
A48: TOTAL GERAL | B48: ADMINISTRATIVO / AUXILIAR | C48: =SUM(C19,C23,C27,C31,C35,C39,C43,C47) | D48: =SUM(D19,D23,D27,D31,D35,D39,D43,D47) | E48: =SUM(E19,E23,E27,E31,E35,E39,E43,E47) | F48: =SUM(F19,F23,F27,F31,F35,F39,F43,F47) | G48: =SUM(G19,G23,G27,G31,G35,G39,G43,G47) | H48: =SUM(H19,H23,H27,H31,H35,H39,H43,H47) | I48: =SUM(I19,I23,I27,I31,I35,I39,I43,I47) | J48: =SUM(J19,J23,J27,J31,J35,J39,J43,J47) | ... N48: =SUM(N19,N23,N27,N31,N35,N39,N43,N47)

Sheet 8 - ESCOLAS Q N ENVIARAM DADOS
A2: SECÇÃO 8 - RELAÇÃO DE ESCOLAS QUE NÃO ENVIARAM DADOS ESTATÍSTICOS AO SIGE
A4: NOME DA ESCOLA | B4: NÚMERO DA ESCOLA | C4: NATUREZA DA ESCOLA | D4: DESIGNAÇÃO DA ESCOLA | E4: OFERTA EDUCATIVA | F4: CONTACTOS DA ESCOLA | G4: FOI CONTABILIZADA NAS ESCOLAS EM FUNCIONAMENTO? (SIM/NÃO) | H4: FORNECEU DADOS DO INÍCIO DO ANO? (SIM/NÃO) | I4: FORNECEU APROVEITAMENTO? (SIM/NÃO) | J4: OBSERVAÇÃO

Sheet 9 - CONSOLIDADO
A2: SECÇÃO 9 - QUADRO RESUMO E INDICADORES CONSOLIDADOS DO MUNICÍPIO
A4: TABELA 1 – Total de Alunos Matriculados – Consolidado por Nível de Ensino
A5: NÍVEL DE ENSINO | B5: SUBSISTEMA | C5: TOTAL (MF) | D5: TOTAL (F)
A6: Educação Pré-Escolar | B6: Creches, Jardins e Iniciação | C6: ='1 - ALUNOS MATRICULADOS'!C31+'1 - ALUNOS MATRICULADOS'!C40 | D6: ='1 - ALUNOS MATRICULADOS'!D31+'1 - ALUNOS MATRICULADOS'!D40
A7: Ensino Primário | B7: Regular, PRAEER e EJA | C7: ='1 - ALUNOS MATRICULADOS'!D89+'1 - ALUNOS MATRICULADOS'!C128+'1 - ALUNOS MATRICULADOS'!C152 | D7: ='1 - ALUNOS MATRICULADOS'!E89+'1 - ALUNOS MATRICULADOS'!D128+'1 - ALUNOS MATRICULADOS'!D152
A8: Ensino Secundário I Ciclo | B8: Geral, Técnico e EJA | C8: ='1 - ALUNOS MATRICULADOS'!C178+'1 - ALUNOS MATRICULADOS'!C214+'1 - ALUNOS MATRICULADOS'!C234 | D8: ='1 - ALUNOS MATRICULADOS'!D178+'1 - ALUNOS MATRICULADOS'!D214+'1 - ALUNOS MATRICULADOS'!D234
A9: Ensino Secundário II Ciclo | B9: Geral, Técnico e Magistério | C9: ='1 - ALUNOS MATRICULADOS'!C260+'1 - ALUNOS MATRICULADOS'!C299+'1 - ALUNOS MATRICULADOS'!C325 | D9: ='1 - ALUNOS MATRICULADOS'!D260+'1 - ALUNOS MATRICULADOS'!D299+'1 - ALUNOS MATRICULADOS'!D325
A10: TOTAL GERAL MATRICULADOS | B10: TODOS OS NÍVEIS | C10: =SUM(C6:C9) | D10: =SUM(D6:D9)
A12: TABELA 2 – Total de Pessoal Docente em Exercício – Consolidado
A13: NÍVEL DE ENSINO | B13: REGIME | C13: TOTAL DOCENTES (MF) | D13: TOTAL DOCENTES (F)
A14: Educação Pré-Escolar | B14: Docentes em Função | C14: ='2 - PESSOAL_DOCENTE'!C19 | D14: ='2 - PESSOAL_DOCENTE'!D19
A15: Ensino Primário | B15: Docentes em Função | C15: ='2 - PESSOAL_DOCENTE'!C37 | D15: ='2 - PESSOAL_DOCENTE'!D37
A16: Ensino Secundário I Ciclo | B16: Docentes em Função | C16: ='2 - PESSOAL_DOCENTE'!C55 | D16: ='2 - PESSOAL_DOCENTE'!D55
A17: Ensino Secundário II Ciclo | B17: Docentes em Função | C17: ='2 - PESSOAL_DOCENTE'!C73 | D17: ='2 - PESSOAL_DOCENTE'!D73
A18: TOTAL GERAL DOCENTES | B18: TODOS OS NÍVEIS | C18: =SUM(C14:C17) | D18: =SUM(D14:D17)
A20: TABELA 3 & 4 – Total de Escolas e Salas de Aula em Funcionamento – Consolidado
A21: INDICADOR | B21: FONTE / FOLHA | C21: QUANTIDADE TOTAL | D21: OBSERVAÇÕES
A22: Total de Escolas em Funcionamento | B22: Infraestruturas | C22: ='3 - INFRAESTRUTURAS'!C55 | D22: Todos os subsistemas
A23: Salas de Aula Definitivas | B23: Infraestruturas | C23: ='3 - INFRAESTRUTURAS'!D55 | D23: Construção convencional
A24: Salas de Aula Provisórias | B24: Infraestruturas | C24: ='3 - INFRAESTRUTURAS'!E55 | D24: Contentores / Chapas
A25: Salas ao Ar Livre / Tendas | B25: Infraestruturas | C25: ='3 - INFRAESTRUTURAS'!F55 | D25: Precárias
A26: Total de Salas de Aula Utilizadas | B26: Infraestruturas | C26: ='3 - INFRAESTRUTURAS'!G55 | D26: Capacidade instalada
A28: TABELA 5 – Total de Alunos Repetentes – Consolidado
A29: NÍVEL DE ENSINO | B29: REGIME | C29: REPETENTES (MF) | D29: REPETENTES (F)
A30: Ensino Primário | B30: Regular | C30: ='5 - ALUNOS REPETENTES'!C36 | D30: ='5 - ALUNOS REPETENTES'!D36
A31: Ensino Secundário I Ciclo | B31: Regular | C31: ='5 - ALUNOS REPETENTES'!C76 | D31: ='5 - ALUNOS REPETENTES'!D76
A32: Ensino Secundário II Ciclo | B32: Regular | C32: ='5 - ALUNOS REPETENTES'!C117 | D32: ='5 - ALUNOS REPETENTES'!D117
A33: TOTAL GERAL REPETENTES | B33: TODOS OS NÍVEIS | C33: =SUM(C30:C32) | D33: =SUM(D30:D32)
A35: TABELA 6 – Total de Alunos com Necessidades Educativas Especiais (NEE) – Consolidado
A36: NÍVEL / PROGRAMA | B36: DISCRIMINAÇÃO | C36: TOTAL NEE (MF) | D36: TOTAL NEE (F)
A37: Classe de Iniciação | B37: Alunos Integrados com NEE | C37: ='6 - NECESSIDADES EDUCATIVA ESPE'!C10 | D37: ='6 - NECESSIDADES EDUCATIVA ESPE'!D10
A38: Ensino Primário Regular | B38: Alunos Integrados com NEE | C38: ='6 - NECESSIDADES EDUCATIVA ESPE'!C19 | D38: ='6 - NECESSIDADES EDUCATIVA ESPE'!D19
A39: I Ciclo do Ensino Secundário | B39: Alunos Integrados com NEE | C39: ='6 - NECESSIDADES EDUCATIVA ESPE'!C46 | D39: ='6 - NECESSIDADES EDUCATIVA ESPE'!D46
A40: II Ciclo do Ensino Secundário | B40: Alunos Integrados com NEE | C40: ='6 - NECESSIDADES EDUCATIVA ESPE'!C73 | D40: ='6 - NECESSIDADES EDUCATIVA ESPE'!D73
A41: TOTAL GERAL NEE | B41: TODOS OS NÍVEIS | C41: =SUM(C37:C40) | D41: =SUM(D37:D40)
A44: CONSISTÊNCIA DE DADOS: MATRICULADOS = APROVADOS + REPROVADOS + DESISTIDOS
A46: TABELA 7 – Aproveitamento Escolar – Síntese Consolidada e Validação de Consistência
A47: NÍVEL DE ENSINO | B47: SUBSISTEMA / ETAPA | C47: MATRICULADOS | E47: APROVADOS | G47: REPROVADOS | I47: DESISTIDOS | K47: VALIDAÇÃO | M47: RESIDUAL (MF)
C48: MF | D48: F | E48: MF | F48: F | G48: MF | H48: F | I48: MF | J48: F | K48: MF | L48: F
A49: TOTAL GERAL | B49: TODOS OS SUBSISTEMAS | C49: =SUM(C50:C53) | D49: =SUM(D50:D53) | E49: =SUM(E50:E53) | F49: =SUM(F50:F53) | G49: =SUM(G50:G53) | H49: =SUM(H50:H53) | I49: =SUM(I50:I53) | J49: =SUM(J50:J53) | K49: =IF(C49=E49+G49+I49,"Correcto","Falso") | L49: =IF(D49=F49+H49+J49,"Correcto","Falso") | M49: =C49-(E49+G49+I49)
A50: EDUCAÇÃO PRÉ-ESCOLAR | B50: Creches, Jardins e Iniciação | C50: ='4 - APROVEITAMENTO'!D275 | D50: ='4 - APROVEITAMENTO'!E275 | E50: ='4 - APROVEITAMENTO'!F275 | F50: ='4 - APROVEITAMENTO'!G275 | G50: ='4 - APROVEITAMENTO'!H275 | H50: ='4 - APROVEITAMENTO'!I275 | I50: ='4 - APROVEITAMENTO'!J275 | J50: ='4 - APROVEITAMENTO'!K275 | K50: =IF(C50=E50+G50+I50,"Correcto","Falso") | L50: =IF(D50=F50+H50+J50,"Correcto","Falso") | M50: =C50-(E50+G50+I50)
A51: ENSINO PRIMÁRIO | B51: Regular, PRAEER e EJA | C51: ='4 - APROVEITAMENTO'!D327 | D51: ='4 - APROVEITAMENTO'!E327 | E51: ='4 - APROVEITAMENTO'!F327 | F51: ='4 - APROVEITAMENTO'!G327 | G51: ='4 - APROVEITAMENTO'!H327 | H51: ='4 - APROVEITAMENTO'!I327 | I51: ='4 - APROVEITAMENTO'!J327 | J51: ='4 - APROVEITAMENTO'!K327 | K51: =IF(C51=E51+G51+I51,"Correcto","Falso") | L51: =IF(D51=F51+H51+J51,"Correcto","Falso") | M51: =C51-(E51+G51+I51)
A52: I CICLO DO ENSINO SECUNDÁRIO | B52: Geral, Técnico e EJA | C52: ='4 - APROVEITAMENTO'!D351 | D52: ='4 - APROVEITAMENTO'!E351 | E52: ='4 - APROVEITAMENTO'!F351 | F52: ='4 - APROVEITAMENTO'!G351 | G52: ='4 - APROVEITAMENTO'!H351 | H52: ='4 - APROVEITAMENTO'!I351 | I52: ='4 - APROVEITAMENTO'!J351 | J52: ='4 - APROVEITAMENTO'!K351 | K52: =IF(C52=E52+G52+I52,"Correcto","Falso") | L52: =IF(D52=F52+H52+J52,"Correcto","Falso") | M52: =C52-(E52+G52+I52)
A53: II CICLO DO ENSINO SECUNDÁRIO | B53: Geral, Técnico e Magistério | C53: ='4 - APROVEITAMENTO'!D371 | D53: ='4 - APROVEITAMENTO'!E371 | E53: ='4 - APROVEITAMENTO'!F371 | F53: ='4 - APROVEITAMENTO'!G371 | G53: ='4 - APROVEITAMENTO'!H371 | H53: ='4 - APROVEITAMENTO'!I371 | I53: ='4 - APROVEITAMENTO'!J371 | J53: ='4 - APROVEITAMENTO'!K371 | K53: =IF(C53=E53+G53+I53,"Correcto","Falso") | L53: =IF(D53=F53+H53+J53,"Correcto","Falso") | M53: =C53-(E53+G53+I53)

Sheet 10 - BASE DE DADOS
A2: SECÇÃO 10 - BASE DE DADOS GERAL DE ESCOLAS DO MUNICÍPIO (REGISTO ESCOLA-A-ESCOLA)
A4: CÓDIGO SIGE | B4: NOME DA ESCOLA | C4: PROVÍNCIA | D4: MUNICÍPIO | E4: COMUNA / DISTRITO | F4: NATUREZA | G4: NÍVEL MINISTRADO | H4: REGIME (TURNOS) | I4: TOTAL SALAS | J4: TOTAL TURMAS | K4: ALUNOS MAT. (MF) | L4: ALUNOS MAT. (F) | M4: ALUNOS APROV. (MF) | N4: ALUNOS APROV. (F) | O4: ALUNOS REPROV. (MF) | P4: ALUNOS REPROV. (F) | Q4: ALUNOS DESIST. (MF) | R4: ALUNOS DESIST. (F) | S4: PROFESSORES (MF) | T4: PROFESSORES (F) | U4: NÃO DOCENTE (MF) | V4: NÃO DOCENTE (F) | W4: ÁGUA POTÁVEL | X4: ELETRICIDADE | Y4: COMPUTADORES | Z4: INTERNET | AA4: CONTACTO TELEFÓNICO | AB4: EMAIL / OBSERVAÇÕES
I5: 0 | J5: 0 | K5: 0 | L5: 0 | M5: 0 | N5: 0 | O5: 0 | P5: 0 | Q5: 0 | R5: 0 | S5: 0 | T5: 0 | U5: 0 | V5: 0
I6: 0 | J6: 0 | K6: 0 | L6: 0 | M6: 0 | N6: 0 | O6: 0 | P6: 0 | Q6: 0 | R6: 0 | S6: 0 | T6: 0 | U6: 0 | V6: 0
I7: 0 | J7: 0 | K7: 0 | L7: 0 | M7: 0 | N7: 0 | O7: 0 | P7: 0 | Q7: 0 | R7: 0 | S7: 0 | T7: 0 | U7: 0 | V7: 0
I8: 0 | J8: 0 | K8: 0 | L8: 0 | M8: 0 | N8: 0 | O8: 0 | P8: 0 | Q8: 0 | R8: 0 | S8: 0 | T8: 0 | U8: 0 | V8: 0
I9: 0 | J9: 0 | K9: 0 | L9: 0 | M9: 0 | N9: 0 | O9: 0 | P9: 0 | Q9: 0 | R9: 0 | S9: 0 | T9: 0 | U9: 0 | V9: 0
I10: 0 | J10: 0 | K10: 0 | L10: 0 | M10: 0 | N10: 0 | O10: 0 | P10: 0 | Q10: 0 | R10: 0 | S10: 0 | T10: 0 | U10: 0 | V10: 0
I11: 0 | J11: 0 | K11: 0 | L11: 0 | M11: 0 | N11: 0 | O11: 0 | P11: 0 | Q11: 0 | R11: 0 | S11: 0 | T11: 0 | U11: 0 | V11: 0
I12: 0 | J12: 0 | K12: 0 | L12: 0 | M12: 0 | N12: 0 | O12: 0 | P12: 0 | Q12: 0 | R12: 0 | S12: 0 | T12: 0 | U12: 0 | V12: 0
I13: 0 | J13: 0 | K13: 0 | L13: 0 | M13: 0 | N13: 0 | O13: 0 | P13: 0 | Q13: 0 | R13: 0 | S13: 0 | T13: 0 | U13: 0 | V13: 0
I14: 0 | J14: 0 | K14: 0 | L14: 0 | M14: 0 | N14: 0 | O14: 0 | P14: 0 | Q14: 0 | R14: 0 | S14: 0 | T14: 0 | U14: 0 | V14: 0
I15: 0 | J15: 0 | K15: 0 | L15: 0 | M15: 0 | N15: 0 | O15: 0 | P15: 0 | Q15: 0 | R15: 0 | S15: 0 | T15: 0 | U15: 0 | V15: 0
I16: 0 | J16: 0 | K16: 0 | L16: 0 | M16: 0 | N16: 0 | O16: 0 | P16: 0 | Q16: 0 | R16: 0 | S16: 0 | T16: 0 | U16: 0 | V16: 0
... I155: 0 | J155: 0 | K155: 0 | L155: 0 | M155: 0 | N155: 0 | O155: 0 | P155: 0 | Q155: 0 | R155: 0 | S155: 0 | T155: 0 | U155: 0 | V155: 0
